Clients,AGO stored,PMS stored,Storage as at,Expected_picking,AGO_picked,PMS_picked,Picked date_ago
ONE P,3773420.02,348080.77,12/11/2023,12/29/2023,5041059.19,8765494.46,12/18/2023
HASS RWANDA,9221894.12,9600541.07,12/19/2023,12/27/2023,4449553.38,1109746.67,12/30/2023
HASS RWANDA,6563341.62,6445039.81,12/16/2023,12/03/2023,3017429.07,3397190.23,12/04/2023
REGIDE-BURUNDI,5746272.2,1094117.82,12/16/2023,12/30/2023,6669991.2,5973663.26,12/07/2023
HASS DRC,4092388.95,6469149,12/30/2023,12/22/2023,3744871.41,7362387.38,12/15/2023
HASS UGANDA,5324262.09,6362970.89,12/15/2023,12/02/2023,5694433.57,1185413.9,12/05/2023
HASS DRC,3296080.67,8392835.49,12/20/2023,12/24/2023,7904087.57,6430361.17,12/14/2023
HASS RWANDA CMA,6888541.77,6234775.6,12/30/2023,12/11/2023,1263757.01,9651850.66,12/16/2023
HASS UGANDA CMA,3080782.58,3105471.71,12/24/2023,12/10/2023,1156473.62,4924329.68,12/19/2023
HASS DRC,3734825.73,1772404.44,12/23/2023,12/24/2023,5333077.29,5783050.39,12/30/2023
HASS RWANDA CMA,5335717.39,8946815.7,12/05/2023,12/26/2023,2509198.94,7922122.03,12/05/2023
HASS ZAMBIA CMA,2496618.58,2583449.59,12/25/2023,12/15/2023,8519590.6,9402229.73,12/28/2023
HASS DRC,5407979.25,9550094.02,12/07/2023,12/24/2023,5886455.05,6518786.57,12/17/2023
HASS TZ CMA,4056414.35,3068410.68,12/05/2023,12/15/2023,7234019.85,1963487.18,12/17/2023
HASS RWANDA CMA,504341.06,9498145.41,12/15/2023,12/07/2023,7218451.51,2870112.57,12/05/2023
HASS TZ CMA,5638874.47,8871326.69,12/02/2023,12/12/2023,3884318.88,6199029.46,12/21/2023
HASS RWANDA CMA,9360040.22,5516515.67,12/05/2023,12/01/2023,8616922.04,8644184.11,12/30/2023
HASS UGANDA,3112195.61,7420418.43,12/10/2023,12/04/2023,9806380.21,1741100.63,12/14/2023
ONE P,1040754.44,2530144.69,12/19/2023,12/19/2023,3250340.71,9706757.49,12/02/2023
HASS RWANDA CMA,1008318.74,2451830.21,12/08/2023,12/04/2023,904252.73,7129146.04,12/01/2023
HASS ZAMBIA CMA,4837534.92,8996047.55,12/04/2023,12/18/2023,7546999.72,6833737.28,12/12/2023
HASS UGANDA CMA,2373626.5,1958188.96,12/21/2023,12/29/2023,2974747.29,6805040.92,12/22/2023
HASS RWANDA CMA,9968748.22,676603.91,12/05/2023,12/11/2023,2412518.88,8112116.05,12/19/2023
NOTIONAL OIL COMPANY OF MALAWI,6786234.85,3691465.79,12/22/2023,12/16/2023,1256483.51,411019.47,12/24/2023
REGIDE-BURUNDI,8232315.48,9501421.57,12/23/2023,12/17/2023,8438769.49,6213993.12,12/18/2023
NOTIONAL OIL COMPANY OF MALAWI,5600725.47,649929.36,12/01/2023,12/21/2023,5861267.58,9938961.05,12/26/2023
HASS UGANDA,5770570.47,5616601.47,12/09/2023,12/22/2023,3023480.71,6868610.03,12/24/2023
HASS RWANDA CMA,6475447.07,9750545.93,12/12/2023,12/05/2023,3656654.08,8038398.8,12/06/2023
TANK,5901869.82,6561818.11,12/02/2023,12/07/2023,60497.76,4125936.18,12/05/2023
HASS RWANDA CMA,2891613.85,7083166.5,12/27/2023,12/05/2023,4086977.59,9756705.73,12/02/2023
NOTIONAL OIL COMPANY OF MALAWI,9667695.47,1953350.45,12/15/2023,12/19/2023,1265611.29,9016766.74,12/09/2023
HASS UGANDA,8331835.97,1936054.82,12/02/2023,12/26/2023,276887.43,5351243.87,12/25/2023
HASS UGANDA CMA,7664961.69,6448231.34,12/17/2023,12/14/2023,980341.23,5223701.35,12/23/2023
TANK,5740381.25,545133.73,12/12/2023,12/30/2023,7357288.14,293660.68,12/02/2023
MEWD ZAMBIA,1272276.58,2229964.82,12/26/2023,12/25/2023,8055198.37,5475157.88,12/30/2023
NURAH ENERGY DRC,7161832.05,5956702.94,12/22/2023,12/24/2023,1824829.94,2550633.02,12/29/2023
NOTIONAL OIL COMPANY OF MALAWI,2994176.6,6165854.89,12/25/2023,12/08/2023,9648248.87,7690202.09,12/18/2023
HASS RWANDA,3974788.11,4445443.9,12/05/2023,12/08/2023,9624714.86,3872930,12/16/2023
HASS DRC,1995729.79,3984971.14,12/12/2023,12/09/2023,4236505.34,9497832.32,12/21/2023
HASS TZ CMA,5418185.51,9840991.14,12/11/2023,12/08/2023,3880998.45,6259775.04,12/08/2023
ONE P,5182138.24,134631.15,12/18/2023,12/06/2023,6632554.66,8448527.43,12/15/2023
HASS TZ CMA,5168219.98,1194589.5,12/01/2023,12/23/2023,3489715.29,2086037.23,12/08/2023
ONE P,8110157.44,3276593.51,12/25/2023,12/23/2023,2712256.36,5242634.24,12/22/2023
HASS DRC,1778804.56,1368689.53,12/11/2023,12/21/2023,3892251.17,1756612.04,12/21/2023
HASS RWANDA,1946818.09,2592395.16,12/16/2023,12/01/2023,3806945.83,313235.29,12/16/2023
HASS TZ,6512667.75,5059216.66,12/14/2023,12/29/2023,5911364.68,6571582.72,12/06/2023
TANK,4596515.48,1773683.63,12/17/2023,12/04/2023,5665265.54,8140015.93,12/30/2023
MEWD ZAMBIA,8228825.96,2987119.28,12/26/2023,12/29/2023,4924293.06,9885877.33,12/25/2023
TANK,6103950.95,6657360.89,12/26/2023,12/04/2023,72690.91,4633689.96,12/19/2023
ONE P,4503216.33,2847164.81,12/27/2023,12/08/2023,2504756.14,2398988.01,12/04/2023
TANK,7453450.54,4534496.36,12/24/2023,12/25/2023,5553565.18,8044619.51,12/29/2023
HASS UGANDA,1275118.11,2256078.59,12/07/2023,12/09/2023,2107062.35,4445191.72,12/20/2023
ONE P,1043998.59,4230660.56,12/20/2023,12/14/2023,6321588.95,2852392.64,12/29/2023
HASS DRC CMA,1221226.3,6592394.5,12/29/2023,12/03/2023,7336382.37,4569938.73,12/21/2023
TANK,5144011.89,1479227.58,12/01/2023,12/17/2023,6055407.74,7860886.52,12/28/2023
HASS TZ,3171433.58,6179058.05,12/14/2023,12/21/2023,9266693.71,6528020.5,12/20/2023
HASS ZAMBIA CMA,2560744.86,2687694.75,12/09/2023,12/06/2023,7784903.6,8705254.52,12/27/2023
HASS RWANDA CMA,8228648.85,6515155.8,12/14/2023,12/18/2023,1507752.67,6709062.99,12/04/2023
NURAH ENERGY DRC,9844527.83,4237496.64,12/15/2023,12/20/2023,8303638.22,3865284.53,12/12/2023
HASS DRC,3898178.07,3272003.61,12/04/2023,12/30/2023,2434316.25,126747.96,12/17/2023
HASS DRC CMA,9336423.51,9312288.06,12/27/2023,12/12/2023,4464053.08,9768824.42,12/25/2023
HASS UGANDA CMA,6594958.18,4219703.66,12/11/2023,12/15/2023,883214.4,1780589,12/29/2023
HASS ZAMBIA CMA,3283177.59,6140490.99,12/19/2023,12/27/2023,3003884.27,3681532.29,12/06/2023
NOTIONAL OIL COMPANY OF MALAWI,6315607.1,5606810.37,12/27/2023,12/12/2023,2702741.61,9837373.67,12/05/2023
NURAH ENERGY DRC,4594517.16,7374270.39,12/13/2023,12/08/2023,8005518.98,5879390.64,12/07/2023
NURAH ENERGY DRC,47012.26,9751559.73,12/11/2023,12/11/2023,6700823.22,1037207.94,12/11/2023
HASS RWANDA,6826005.64,158525.17,12/30/2023,12/29/2023,7285818.28,1341632.89,12/07/2023
NOTIONAL OIL COMPANY OF MALAWI,9502604.25,8913112.38,12/18/2023,12/24/2023,3635338.33,148041.54,12/28/2023
ONE P,2923412.58,2626662.07,12/02/2023,12/16/2023,6888581.82,1476402.52,12/14/2023
HASS UGANDA,2375276.22,4404785.06,12/15/2023,12/08/2023,2669752.43,8788582.09,12/30/2023
HASS ZAMBIA CMA,7392347.91,7335270.86,12/24/2023,12/05/2023,8834458.43,2549447.8,12/11/2023
HASS DRC CMA,3556746.53,210110.68,12/12/2023,12/05/2023,435543.26,8484347.94,12/25/2023
HASS RWANDA,6345029.03,784083.48,12/22/2023,12/12/2023,8212666.37,5231891.36,12/05/2023
HASS DRC,1309485.3,7913653.85,12/15/2023,12/25/2023,6204893.26,3785741.02,12/19/2023
HASS TZ,2600936.88,9290988.95,12/07/2023,12/26/2023,7454847.22,1063387.84,12/14/2023
NURAH ENERGY DRC,987760.4,698169.13,12/22/2023,12/16/2023,6584482,9514778.03,12/17/2023
ONE P,8720030.81,6109495.89,12/06/2023,12/27/2023,2273419.61,213489.36,12/30/2023
TANK,8201197.66,6139775.2,12/07/2023,12/24/2023,5666740.57,2190766.91,12/01/2023
HASS TZ,3618027.97,7101224.62,12/26/2023,12/02/2023,2615629.04,1720298.16,12/18/2023
HASS UGANDA,8964687.5,814440.94,12/20/2023,12/22/2023,9651791.28,6820069.35,12/13/2023
HASS RWANDA,9603161.4,879638.37,12/14/2023,12/10/2023,9569434.32,4619583.54,12/20/2023
HASS TZ,9877136.59,4515505.59,12/30/2023,12/23/2023,8137769.74,2373001.37,12/28/2023
HASS RWANDA CMA,3384802.18,5843836.21,12/10/2023,12/25/2023,6959853.38,741791.45,12/06/2023
HASS UGANDA,9120536.34,1929227.6,12/18/2023,12/05/2023,6180996,4145470.45,12/04/2023
HASS DRC CMA,8347999.65,1781108.34,12/20/2023,12/08/2023,6573990.76,7790347.07,12/02/2023
HASS TZ CMA,4258300.74,2762027.69,12/20/2023,12/04/2023,2786076.93,3913686.65,12/02/2023
NURAH ENERGY DRC,6840179.54,3063646.23,12/15/2023,12/21/2023,1524596.68,6585174.55,12/17/2023
HASS TZ CMA,4962622.99,1360878.32,12/25/2023,12/23/2023,1025362.26,6645436.37,12/29/2023
MEWD ZAMBIA,6664508.43,7240729.99,12/29/2023,12/21/2023,1794571.14,4523069.37,12/26/2023
HASS TZ,7473165.44,1707022.87,12/27/2023,12/04/2023,5614263.6,8727248.75,12/10/2023
HASS TZ CMA,4327245.32,4295628.56,12/19/2023,12/02/2023,5242763.84,5942529.59,12/15/2023
MEWD ZAMBIA,3044996.55,7912166.33,12/30/2023,12/04/2023,2277686,875322.2,12/24/2023
HASS DRC,3478634.47,3382674.49,12/21/2023,12/18/2023,932122.77,9131731.63,12/25/2023
HASS TZ,2591353.99,6190481.83,12/08/2023,12/03/2023,8235739.93,7747699.88,12/20/2023
NOTIONAL OIL COMPANY OF MALAWI,1586002.25,5908096.44,12/26/2023,12/28/2023,5906837.42,1406721.31,12/03/2023
HASS TZ,1557150.97,1215735.53,12/25/2023,12/30/2023,1887706,6979796.5,12/24/2023
HASS ZAMBIA CMA,45659.21,8202007.04,12/14/2023,12/15/2023,4899312.47,6348483.4,12/26/2023
HASS ZAMBIA CMA,7959142.04,1114773.44,12/17/2023,12/10/2023,7431849.31,6240568.77,12/29/2023
ONE P,7147584.22,3676335.73,12/17/2023,12/24/2023,8697297.79,1738609.98,12/02/2023
HASS TZ,6297384.21,6847352.24,12/30/2023,12/17/2023,1883881.43,4349314.2,12/19/2023
NOTIONAL OIL COMPANY OF MALAWI,7625784.66,3175374.41,12/10/2023,12/21/2023,3757966.06,2671689.8,12/26/2023
HASS RWANDA,8585775.96,3050362.09,12/27/2023,12/21/2023,7544128.45,7132786.71,12/17/2023
HASS DRC,6219918.97,2342824.31,12/29/2023,12/07/2023,130357.61,3532754.6,12/22/2023
HASS UGANDA,5628367.16,9625658.89,12/17/2023,12/19/2023,2725173.51,685852.95,12/21/2023
NURAH ENERGY DRC,6332463.03,4346725.72,12/25/2023,12/29/2023,6188884.78,5613458.85,12/26/2023
MEWD ZAMBIA,1373573.21,2341036.28,12/07/2023,12/11/2023,3453069.7,8949118.22,12/05/2023
TANK,1466064.75,1664606.48,12/30/2023,12/29/2023,4168711.76,7313629.29,12/12/2023
MEWD ZAMBIA,4663977.41,3509447.16,12/20/2023,12/11/2023,1763022.07,4385113.26,12/24/2023
TANK,6224080.63,3133723.28,12/12/2023,12/23/2023,6691111.57,1557784.95,12/25/2023
NOTIONAL OIL COMPANY OF MALAWI,5501300.09,7631979.51,12/15/2023,12/16/2023,8834392.43,7028514.36,12/29/2023
NURAH ENERGY DRC,5732653.91,7994284.48,12/02/2023,12/25/2023,2853917.04,8234036.76,12/15/2023
REGIDE-BURUNDI,7922893.54,8769682.38,12/16/2023,12/17/2023,7474419.83,6005711.7,12/15/2023
HASS RWANDA,1433583.96,1680925.74,12/30/2023,12/03/2023,1099292.66,9359823.73,12/12/2023
HASS ZAMBIA CMA,911367.19,1216239.06,12/28/2023,12/09/2023,4470735.1,861809.21,12/08/2023
ONE P,9340087.42,9236074.88,12/29/2023,12/11/2023,1742314.87,4917719.97,12/04/2023
TANK,6966495.64,6472995.52,12/04/2023,12/04/2023,2257237.26,3339726.01,12/05/2023
HASS DRC CMA,3406332.15,4968708.39,12/24/2023,12/07/2023,8077216.54,5056512.82,12/15/2023
HASS UGANDA,441088.19,8404978.23,12/25/2023,12/29/2023,6459687.54,4903582.1,12/09/2023
REGIDE-BURUNDI,8664932,5298982.56,12/09/2023,12/01/2023,1220312.61,2513134.6,12/08/2023
HASS RWANDA,7284811.69,4057568.65,12/22/2023,12/17/2023,7069144.92,9438318.38,12/27/2023
TANK,6079537.68,3959215.99,12/24/2023,12/26/2023,5264679.87,9388889.55,12/19/2023
HASS UGANDA CMA,4762583.01,2337943.64,12/23/2023,12/30/2023,3101664.77,9058308.07,12/22/2023
HASS UGANDA,2147358.87,9574706.77,12/20/2023,12/05/2023,3142129.24,5403138.51,12/16/2023
MEWD ZAMBIA,7500451.73,5113295.56,12/26/2023,12/29/2023,8871238.9,3825737.09,12/21/2023
REGIDE-BURUNDI,8464144.59,318617.53,12/11/2023,12/28/2023,4382680.48,4065261.46,12/12/2023
HASS DRC CMA,7998034.48,3233861.94,12/03/2023,12/29/2023,1024014.94,9516168.04,12/07/2023
HASS DRC,8093274.89,8247143.58,12/01/2023,12/26/2023,5367508.09,4104767.09,12/23/2023
HASS RWANDA,3743331.89,127624.23,12/01/2023,12/22/2023,5529184.31,1149671.1,12/15/2023
ONE P,6030812.25,2400642.39,12/30/2023,12/13/2023,5496603.24,8390187.96,12/04/2023
TANK,6454883.53,3702555.14,12/11/2023,12/07/2023,1227518.78,9153979.99,12/07/2023
HASS UGANDA,3983875.43,6908088.03,12/07/2023,12/18/2023,6282462.63,7454091.57,12/10/2023
HASS UGANDA,3760403.93,6384107.01,12/23/2023,12/04/2023,2727614.12,6865114.17,12/10/2023
HASS RWANDA CMA,8977028.77,3946657.51,12/04/2023,12/23/2023,8700969.2,7552721.1,12/10/2023
HASS RWANDA CMA,3393348.61,3823007.57,12/13/2023,12/17/2023,6182236.93,7081994.69,12/15/2023
ONE P,721126.35,4809587.07,12/14/2023,12/13/2023,2504918.8,7792574.7,12/04/2023
HASS UGANDA,4613516.56,365222.18,12/20/2023,12/30/2023,2530958.83,9576196.02,12/12/2023
HASS TZ,2528782.53,3262837.57,12/13/2023,12/09/2023,9203174.9,7113902.19,12/16/2023
HASS UGANDA,8516716.59,6171932.99,12/14/2023,12/29/2023,7506881.86,1767799.97,12/18/2023
MEWD ZAMBIA,1451380.15,8186994.15,12/23/2023,12/02/2023,6762874.78,4889970.57,12/02/2023
HASS TZ,6257195.29,1684622.43,12/07/2023,12/19/2023,5346194.68,6827994.38,12/16/2023
HASS UGANDA CMA,1246265.83,1174935.89,12/14/2023,12/02/2023,960329.46,7716433.35,12/20/2023
HASS TZ,1991133.33,4801499.73,12/04/2023,12/07/2023,8556702.61,9685353.38,12/01/2023
HASS DRC,9968248.31,4386164.34,12/10/2023,12/20/2023,6497264.53,5911220.69,12/28/2023
REGIDE-BURUNDI,4294164.56,5074767.09,12/02/2023,12/27/2023,5566555.84,7446117.54,12/03/2023
HASS DRC CMA,959097.35,7778892.02,12/10/2023,12/21/2023,8533519.35,5930670.68,12/07/2023
HASS UGANDA,3744410.03,5035758.82,12/26/2023,12/15/2023,6082248.52,8802075.8,12/19/2023
HASS DRC,6593061.19,9899535.35,12/19/2023,12/15/2023,6601542.03,5213526.96,12/27/2023
HASS RWANDA CMA,777950.3,4438235.54,12/20/2023,12/02/2023,8655102.66,380036.42,12/04/2023
NURAH ENERGY DRC,4441602.56,76904.22,12/23/2023,12/25/2023,4962038.88,741249.75,12/07/2023
HASS UGANDA CMA,6039012.1,2950290.77,12/28/2023,12/15/2023,2333757.64,8965468.92,12/24/2023
REGIDE-BURUNDI,4527460.04,6444868.86,12/05/2023,12/21/2023,1449588.5,2622040.32,12/11/2023
NURAH ENERGY DRC,4956190.22,2035634.19,12/22/2023,12/25/2023,3340958.6,6076029.69,12/01/2023
HASS UGANDA CMA,8467068.88,365469.09,12/14/2023,12/30/2023,696599.84,8115624.76,12/24/2023
MEWD ZAMBIA,6562255.57,2133001.63,12/08/2023,12/01/2023,5613737.25,6956564.18,12/19/2023
HASS DRC CMA,7863177.33,6930797.81,12/25/2023,12/02/2023,7580280.65,8002996.71,12/15/2023
HASS DRC,2821432.51,4649669.47,12/18/2023,12/06/2023,9862922.08,1982416.68,12/24/2023
NOTIONAL OIL COMPANY OF MALAWI,1345796.84,3043388.04,12/09/2023,12/01/2023,2164485.42,5519324.78,12/26/2023
ONE P,5782464.66,3779771.6,12/03/2023,12/06/2023,7750816.79,4775332.59,12/24/2023
HASS UGANDA CMA,4321434.54,2262083.72,12/17/2023,12/15/2023,4539392.92,8711228.55,12/10/2023
HASS RWANDA CMA,7366771.87,6276900.78,12/30/2023,12/16/2023,3198868.13,8309480.46,12/04/2023
HASS TZ CMA,8102075.64,4911677.03,12/15/2023,12/22/2023,1065628.2,1731677.17,12/16/2023
TANK,1333184.31,8289576.08,12/23/2023,12/13/2023,5542031.1,904203.07,12/19/2023
HASS DRC CMA,7142603.07,9697681.54,12/24/2023,12/13/2023,2951152.26,6024252.89,12/23/2023
HASS UGANDA,8860349.08,1314458.34,12/22/2023,12/13/2023,709794.93,8002839.32,12/03/2023
HASS UGANDA CMA,388198.23,7128578.73,12/16/2023,12/17/2023,2398164.92,7401741.97,12/13/2023
MEWD ZAMBIA,2596217.73,8889232.8,12/11/2023,12/17/2023,7685769.89,467104.34,12/01/2023
ONE P,8336304.29,8671552.48,12/20/2023,12/01/2023,9120580.04,8003845.24,12/24/2023
HASS DRC CMA,3865303.33,410735.17,12/20/2023,12/28/2023,5846803.02,3586322.52,12/11/2023
NURAH ENERGY DRC,3329076.04,1045997.76,12/23/2023,12/18/2023,7056375.14,346958.76,12/16/2023
NURAH ENERGY DRC,3433947.18,3966646.5,12/29/2023,12/09/2023,188987.44,1455468.91,12/30/2023
HASS RWANDA CMA,6801910.51,559765.07,12/09/2023,12/28/2023,3441862.78,1932103.09,12/23/2023
HASS TZ,9472774.38,1268728.55,12/08/2023,12/19/2023,5274644.77,6419042.43,12/04/2023
HASS ZAMBIA CMA,4653123.17,7561538.37,12/29/2023,12/14/2023,5720744.1,5146651.25,12/04/2023
ONE P,8629047.05,1163555.17,12/25/2023,12/02/2023,1135652.73,2553568.89,12/24/2023
HASS UGANDA,3070540.23,4312436.68,12/06/2023,12/03/2023,4001472.72,4445783.57,12/12/2023
HASS RWANDA CMA,1437720.23,6280631.75,12/29/2023,12/20/2023,3042605.36,3348005.26,12/05/2023
ONE P,465141.96,3686583.63,12/22/2023,12/15/2023,2840867.79,4501302.41,12/03/2023
HASS UGANDA,4162206.67,81197.76,12/07/2023,12/09/2023,418891.3,3588619.18,12/30/2023
MEWD ZAMBIA,9227254.27,3395976.19,12/17/2023,12/27/2023,7597024.84,286385.92,12/05/2023
ONE P,2113174.25,3531399.45,12/20/2023,12/11/2023,6381971.64,3934429.24,12/11/2023
MEWD ZAMBIA,8351530.67,8503961.01,12/03/2023,12/29/2023,8670326.97,2218910.47,12/04/2023
NOTIONAL OIL COMPANY OF MALAWI,3187847.02,2001282.09,12/08/2023,12/28/2023,7073003.16,4066617.59,12/14/2023
NOTIONAL OIL COMPANY OF MALAWI,8826655.28,5984912.82,12/23/2023,12/15/2023,1870674.93,7097642.85,12/28/2023
HASS UGANDA,9827262.01,9871712.49,12/14/2023,12/14/2023,4178974.37,7928461.42,12/05/2023
HASS RWANDA CMA,1561696.73,2638650.81,12/03/2023,12/03/2023,7358898.64,8023250.21,12/12/2023
HASS ZAMBIA CMA,3814591.6,2478880.32,12/26/2023,12/13/2023,1946789.95,5687688.76,12/20/2023
TANK,3205687.77,7217130.28,12/18/2023,12/02/2023,9873361.41,5283482.47,12/25/2023
HASS UGANDA CMA,3715055.24,2159444.76,12/04/2023,12/18/2023,6272278.53,3360413.97,12/17/2023
TANK,2481570.2,3336198.68,12/02/2023,12/23/2023,2393174.14,8962240.15,12/09/2023
HASS TZ CMA,7826315.7,4404272.97,12/21/2023,12/13/2023,7453510.85,9353295.75,12/18/2023
HASS RWANDA,7203051.79,6395716.15,12/23/2023,12/12/2023,8977790.12,8390512.22,12/13/2023
HASS DRC CMA,1090530.19,4425946.87,12/28/2023,12/01/2023,6916344.64,5395279.25,12/26/2023
NOTIONAL OIL COMPANY OF MALAWI,7563207.77,5072745.43,12/20/2023,12/24/2023,3550018.51,8976379.99,12/29/2023
HASS RWANDA CMA,2305131.17,8337685.65,12/30/2023,12/07/2023,5997496.51,364478.1,12/30/2023
HASS RWANDA,8494022.87,3915415.36,12/30/2023,12/06/2023,7211597.21,2889414.55,12/30/2023
MEWD ZAMBIA,9566500.84,616628.28,12/11/2023,12/24/2023,1754817.44,1835343.02,12/26/2023
NOTIONAL OIL COMPANY OF MALAWI,1105445.1,8596614.94,12/05/2023,12/13/2023,3727574.54,7879181.3,12/13/2023
HASS DRC CMA,6379881.3,9804542.72,12/29/2023,12/08/2023,2671764.98,8424703.3,12/11/2023
REGIDE-BURUNDI,3605026.84,2212772.84,12/16/2023,12/22/2023,7486365.09,981136.47,12/05/2023
HASS ZAMBIA CMA,7831827.48,9117482.68,12/16/2023,12/04/2023,8341807.2,525369.91,12/17/2023
HASS UGANDA,8736673.09,2659850.62,12/18/2023,12/10/2023,3747659.64,9530223.41,12/20/2023
NURAH ENERGY DRC,3450150.68,5530849.9,12/27/2023,12/07/2023,5391258.28,6101828.41,12/06/2023
HASS TZ CMA,7814642.55,146002.17,12/17/2023,12/19/2023,7051100.38,5113881.45,12/18/2023
HASS TZ CMA,8816509.28,7720916.55,12/14/2023,12/11/2023,1719645.48,9503785.36,12/15/2023
MEWD ZAMBIA,1368103.39,4292666.62,12/14/2023,12/07/2023,4912623.63,8039852.04,12/08/2023
NURAH ENERGY DRC,8006034.78,141850.96,12/23/2023,12/01/2023,7338020.79,512318.17,12/04/2023
HASS RWANDA CMA,7577096.47,8481224.2,12/03/2023,12/18/2023,2100358.7,2220089.52,12/10/2023
HASS ZAMBIA CMA,3270917.89,2990962.79,12/23/2023,12/11/2023,1024892.76,6823882.82,12/23/2023
TANK,6024222.49,6319504.54,12/22/2023,12/29/2023,9459996.12,9690315,12/22/2023
HASS DRC CMA,9984488.2,5280820.49,12/27/2023,12/16/2023,5840618.73,8200803.34,12/05/2023
HASS RWANDA,6261940.85,1442184.59,12/12/2023,12/13/2023,1359837.2,1024265.22,12/20/2023
HASS DRC,6713251.73,3310022.08,12/04/2023,12/13/2023,7837219.69,9826730.83,12/05/2023
HASS UGANDA,7503870.02,8634031.85,12/25/2023,12/13/2023,7776572.97,5439863.02,12/10/2023
NOTIONAL OIL COMPANY OF MALAWI,3937803.97,5773298.04,12/27/2023,12/05/2023,7459401.42,2155989.44,12/07/2023
TANK,462439.24,2360291.3,12/04/2023,12/15/2023,6707358.25,1374757.97,12/08/2023
NURAH ENERGY DRC,729104.86,3460235.05,12/14/2023,12/16/2023,2600151.26,2648359.56,12/19/2023
HASS RWANDA CMA,4245091.1,9738717.34,12/05/2023,12/17/2023,8230221.44,5424259.22,12/12/2023
HASS DRC,4707144.78,4285258.23,12/02/2023,12/08/2023,7735965.17,8726149.68,12/24/2023
ONE P,2672643.97,6291542.34,12/15/2023,12/04/2023,1643497.24,8210094.47,12/05/2023
HASS TZ,3016102.67,7745237.13,12/10/2023,12/27/2023,2113980.34,2108311.28,12/11/2023
HASS DRC CMA,9492887.47,6220188.48,12/06/2023,12/26/2023,7157042.56,8041216.6,12/16/2023
HASS DRC CMA,3752715.3,2129020.16,12/02/2023,12/02/2023,677717.62,6742018.63,12/03/2023
NOTIONAL OIL COMPANY OF MALAWI,1518787.56,589474.86,12/25/2023,12/04/2023,1465106.27,589651.38,12/17/2023
HASS TZ CMA,5492756.33,5725039.55,12/03/2023,12/24/2023,7198346.08,8884538.11,12/14/2023
NOTIONAL OIL COMPANY OF MALAWI,9025743.02,719132.82,12/25/2023,12/24/2023,7398487.36,5382959.4,12/24/2023
NURAH ENERGY DRC,2789220.35,4515416.17,12/12/2023,12/01/2023,3086625.82,8917549.26,12/27/2023
REGIDE-BURUNDI,4942985.54,6820205.88,12/27/2023,12/14/2023,1868983.9,2505606.88,12/15/2023
HASS UGANDA,5924267.85,272971.86,12/11/2023,12/28/2023,7116981.59,1858307.7,12/23/2023
HASS RWANDA,5638861.68,1162144.63,12/23/2023,12/27/2023,9727716.05,409362.61,12/19/2023
NOTIONAL OIL COMPANY OF MALAWI,1322937.52,3693935.95,12/24/2023,12/06/2023,7977628.89,1811590.47,12/24/2023
ONE P,8222518.31,1909229.81,12/11/2023,12/01/2023,1321151.82,9928065.49,12/20/2023
MEWD ZAMBIA,1415956.24,6820046.91,12/11/2023,12/02/2023,8189425.09,1327445.73,12/29/2023
REGIDE-BURUNDI,6961522.98,7578614.21,12/05/2023,12/27/2023,2237561.63,1327451.36,12/21/2023
NOTIONAL OIL COMPANY OF MALAWI,5203529.33,2913335.28,12/06/2023,12/08/2023,8047107.28,4793492,12/08/2023
TANK,7781347.68,8559075.81,12/01/2023,12/30/2023,4374392.81,5497121.35,12/24/2023
NOTIONAL OIL COMPANY OF MALAWI,3320085.82,754460.9,12/05/2023,12/24/2023,8016473.29,4897603.23,12/21/2023
HASS RWANDA CMA,8303427.09,1382050.54,12/29/2023,12/19/2023,4426790.94,4397093,12/15/2023
HASS DRC,895444.89,5694905.33,12/05/2023,12/14/2023,8258543.97,2223714.3,12/05/2023
HASS DRC CMA,8210503.79,9324469.35,12/14/2023,12/02/2023,7116809.41,4047365.04,12/12/2023
HASS TZ CMA,2810385.51,7227063.88,12/07/2023,12/29/2023,766668.37,1598250.2,12/14/2023
TANK,607220.33,6598678.04,12/09/2023,12/07/2023,8163842.28,7645522.17,12/17/2023
TANK,1057436.91,6378808.3,12/17/2023,12/16/2023,6413705.3,1110839.44,12/07/2023
HASS UGANDA CMA,3934297.3,7769926.93,12/15/2023,12/23/2023,2412635.83,6273859.96,12/07/2023
ONE P,4219316.77,4044478.21,12/11/2023,12/14/2023,408010.38,3146461.84,12/08/2023
NOTIONAL OIL COMPANY OF MALAWI,7012271.66,1611199.96,12/11/2023,12/08/2023,8149278.45,3607807.51,12/05/2023
HASS UGANDA,5742715.39,7605623.31,12/02/2023,12/13/2023,1589969.11,9770807.32,12/29/2023
NURAH ENERGY DRC,3384312.48,8744440.33,12/15/2023,12/27/2023,7133181.65,3231908.86,12/25/2023
HASS TZ,4102276.7,714743.64,12/26/2023,12/22/2023,7480071.89,2313431.34,12/10/2023
HASS UGANDA,4415823.43,6461869.47,12/13/2023,12/11/2023,7836395.79,3403671.9,12/11/2023
HASS DRC,315678.98,6587832.08,12/08/2023,12/18/2023,6441333.02,8779828.96,12/08/2023
HASS UGANDA,5609052.26,7682568.38,12/06/2023,12/01/2023,1668785.5,3150240.1,12/30/2023
HASS TZ CMA,8441636.75,2721777.46,12/29/2023,12/24/2023,6264052.64,4049982.42,12/26/2023
HASS ZAMBIA CMA,5007764.52,1679032.73,12/04/2023,12/04/2023,6479794.53,5542755.04,12/08/2023
MEWD ZAMBIA,7402188.72,3899255.25,12/23/2023,12/11/2023,3174814.18,8295028.34,12/15/2023
HASS UGANDA CMA,2947341.12,4085925.9,12/27/2023,12/26/2023,5772659.58,5715428.15,12/28/2023
HASS UGANDA CMA,8977968.73,3151682.22,12/07/2023,12/29/2023,1480465.77,9543369.52,12/21/2023
HASS UGANDA,5702692.01,2144252.47,12/21/2023,12/05/2023,3111380.95,443140.08,12/29/2023
NURAH ENERGY DRC,6556728.78,6352887.29,12/20/2023,12/05/2023,6896782.77,6318342.32,12/04/2023
HASS DRC CMA,470623.21,1505939.18,12/27/2023,12/28/2023,5946611.05,7491429.45,12/09/2023
HASS DRC,6326185.46,7336736.86,12/24/2023,12/05/2023,6313925.27,3409605.27,12/13/2023
HASS UGANDA CMA,7841793.83,1873200.26,12/05/2023,12/23/2023,4311486.28,1465210.11,12/16/2023
HASS ZAMBIA CMA,2317879.33,3189307.61,12/10/2023,12/09/2023,7740969.62,2768928.27,12/19/2023
HASS DRC CMA,2344556.63,2534609.74,12/23/2023,12/21/2023,9217439.84,6279165.97,12/09/2023
NURAH ENERGY DRC,7581340.43,3133933.04,12/10/2023,12/18/2023,1356068.46,7112999.31,12/17/2023
HASS RWANDA,9015755.48,7364536.03,12/01/2023,12/30/2023,3877844.79,1924406.97,12/29/2023
REGIDE-BURUNDI,2043486.17,3656088.05,12/11/2023,12/06/2023,1953639.5,3662717.28,12/05/2023
HASS RWANDA,7295003.63,2395529.98,12/13/2023,12/17/2023,3792509.51,8341275.46,12/10/2023
NOTIONAL OIL COMPANY OF MALAWI,6415112.74,8524561.45,12/10/2023,12/20/2023,7492246.11,1612863.21,12/13/2023
HASS UGANDA,9535371.17,7852448.76,12/17/2023,12/25/2023,2382965.45,1145218.8,12/26/2023
NOTIONAL OIL COMPANY OF MALAWI,749845.77,1962437.97,12/09/2023,12/16/2023,3428677.58,4563714.55,12/15/2023
ONE P,1458527.3,9640166.76,12/01/2023,12/15/2023,7199590.99,4169690.76,12/06/2023
MEWD ZAMBIA,1951041.26,5824966.23,12/26/2023,12/16/2023,2634064.53,648957.59,12/05/2023
HASS ZAMBIA CMA,7316612.78,9763746.03,12/04/2023,12/13/2023,4743308.41,6748512.38,12/16/2023
HASS TZ,898378.17,7092973.35,12/13/2023,12/01/2023,4486425.49,3849472.64,12/27/2023
HASS UGANDA CMA,1051096.33,8802783.66,12/17/2023,12/16/2023,9537530.53,1049188.23,12/15/2023
HASS UGANDA CMA,6078014.11,4790639.06,12/29/2023,12/29/2023,1594731.33,9258641.16,12/21/2023
REGIDE-BURUNDI,5328873.31,8843465.75,12/07/2023,12/25/2023,3796863.97,7823988.83,12/27/2023
ONE P,689870.93,8103256.92,12/01/2023,12/02/2023,2168076.51,6145366.46,12/26/2023
NURAH ENERGY DRC,1977186.55,1756265.77,12/17/2023,12/28/2023,3915050,2670656.8,12/29/2023
HASS DRC CMA,2766842.3,9575192.49,12/19/2023,12/19/2023,4268928.22,2292299.45,12/07/2023
HASS DRC,4128070.04,1939418.72,12/14/2023,12/28/2023,9055506.17,866860.84,12/16/2023
HASS TZ,6987411.74,6045950.64,12/20/2023,12/26/2023,2689502.46,9361886.08,12/23/2023
NURAH ENERGY DRC,6049212.93,119336.66,12/28/2023,12/05/2023,1130216.52,8396915.61,12/21/2023
HASS RWANDA CMA,3786286.77,1170305.31,12/07/2023,12/06/2023,5413620.62,9373066.4,12/18/2023
HASS DRC,3553295.86,7047991.03,12/21/2023,12/04/2023,920810.02,6733058.34,12/11/2023
HASS UGANDA CMA,5292465.16,8474537.02,12/20/2023,12/08/2023,7216493.04,3204749.74,12/16/2023
HASS DRC CMA,159600.19,2135328.17,12/27/2023,12/26/2023,1429844.39,6467728.28,12/28/2023
HASS RWANDA,3887776.9,1074449.92,12/13/2023,12/13/2023,2869926.7,1366564.84,12/02/2023
MEWD ZAMBIA,4936331.24,1385176.66,12/22/2023,12/21/2023,6041868.85,6537408.68,12/27/2023
HASS DRC CMA,6834511.66,5365322.01,12/05/2023,12/21/2023,5402760.87,1694796.9,12/20/2023
HASS UGANDA CMA,1644857.15,2482319.16,12/11/2023,12/26/2023,4209786.62,7383039.26,12/17/2023
HASS DRC CMA,770954.94,4689463.71,12/18/2023,12/13/2023,5196096.02,9709573.11,12/01/2023
HASS RWANDA CMA,4480335.88,5049245.6,12/01/2023,12/14/2023,9868968.7,4263098.39,12/26/2023
HASS UGANDA,2265900.86,252755.86,12/14/2023,12/11/2023,4402711.73,6874648.26,12/23/2023
HASS DRC CMA,785419.04,8416158.05,12/15/2023,12/08/2023,2402364.25,470278.11,12/09/2023
HASS TZ,2231466.53,2083752.38,12/06/2023,12/28/2023,3432035.12,3182558.22,12/27/2023
HASS RWANDA CMA,1916538.82,6980128.21,12/15/2023,12/21/2023,4553593.42,8647155.9,12/18/2023
HASS TZ CMA,8537991.58,4421699.8,12/28/2023,12/27/2023,8320098.45,3952612.41,12/06/2023
HASS TZ,8784276.38,6656311.19,12/11/2023,12/24/2023,8327159.21,2255282.23,12/20/2023
HASS RWANDA,3437510.79,6152458.41,12/23/2023,12/25/2023,7128146.53,124452.69,12/24/2023
HASS UGANDA CMA,7850793.45,8768442.2,12/17/2023,12/12/2023,8214051.44,2319405.74,12/22/2023
HASS UGANDA CMA,6390838.48,2106230.36,12/19/2023,12/04/2023,1534128,9518414.39,12/08/2023
HASS DRC CMA,7734965.48,6743776.04,12/08/2023,12/05/2023,7920179.04,3476757.59,12/18/2023
HASS TZ,1438029.64,5091138.14,12/14/2023,12/02/2023,4321611.61,6405284.67,12/02/2023
NOTIONAL OIL COMPANY OF MALAWI,6011720.97,5872946.43,12/02/2023,12/22/2023,7919955.9,4289842.69,12/27/2023
HASS RWANDA CMA,3517222.88,3075034.44,12/18/2023,12/05/2023,7201334.69,5061883.97,12/24/2023
HASS RWANDA CMA,35758.72,3820196.98,12/05/2023,12/16/2023,4661300.13,6955946.29,12/21/2023
NURAH ENERGY DRC,965597.29,9346381.7,12/02/2023,12/16/2023,7306275.72,3052322.05,12/05/2023
HASS TZ,4767627.02,9377324.81,12/09/2023,12/19/2023,1240610.52,2777120.63,12/16/2023
NOTIONAL OIL COMPANY OF MALAWI,2442305.87,4527781.7,12/09/2023,12/07/2023,2318723.69,7194036.78,12/21/2023
MEWD ZAMBIA,488260.17,13462.68,12/08/2023,12/20/2023,5588344.17,2999001.91,12/01/2023
HASS TZ,435872.08,301368.75,12/19/2023,12/25/2023,4499248.94,3976545.99,12/27/2023
NURAH ENERGY DRC,32777.52,6598633.43,12/12/2023,12/26/2023,2126763.72,1076577.13,12/06/2023
HASS DRC,2044267.27,9566803.25,12/16/2023,12/24/2023,2242135.94,7406671.37,12/15/2023
NOTIONAL OIL COMPANY OF MALAWI,8419226.68,2975289.58,12/24/2023,12/15/2023,2730971.11,7673799.05,12/24/2023
NOTIONAL OIL COMPANY OF MALAWI,8540616.61,7107520.41,12/18/2023,12/21/2023,5285333.07,2024803.69,12/23/2023
REGIDE-BURUNDI,8554686.46,4799671.56,12/29/2023,12/23/2023,2078122.15,9005879.03,12/27/2023
MEWD ZAMBIA,21614.74,4704160.25,12/08/2023,12/28/2023,1195508.29,7914371.98,12/26/2023
NOTIONAL OIL COMPANY OF MALAWI,4816102.65,5592866.5,12/11/2023,12/18/2023,2871195.66,2712947.14,12/29/2023
HASS UGANDA,6921888.77,6382537.81,12/03/2023,12/07/2023,254754.28,5020234.83,12/21/2023
TANK,8085405.93,5407723.72,12/03/2023,12/13/2023,4213765.95,9889753.57,12/15/2023
MEWD ZAMBIA,1656027.17,1858588.87,12/08/2023,12/26/2023,8970530.93,3581894.04,12/26/2023
NURAH ENERGY DRC,7870252.52,9654644.21,12/20/2023,12/04/2023,174482.85,5590008.86,12/16/2023
HASS UGANDA CMA,2811232.31,6895376.18,12/26/2023,12/27/2023,3612570.82,4104567.74,12/04/2023
HASS RWANDA,6628037.23,2632148.73,12/27/2023,12/15/2023,5245581.49,8549789.75,12/23/2023
NOTIONAL OIL COMPANY OF MALAWI,8967437.68,4684951.55,12/10/2023,12/03/2023,1980830.33,9535779.33,12/26/2023
HASS TZ CMA,2099914.17,7460499.14,12/19/2023,12/04/2023,207642.85,6262600.39,12/30/2023
HASS DRC,551990.73,499081.96,12/01/2023,12/26/2023,1603636.17,8139278.45,12/27/2023
HASS UGANDA CMA,7456130.33,1867880.13,12/20/2023,12/22/2023,4136021.24,8592929.83,12/05/2023
NOTIONAL OIL COMPANY OF MALAWI,4495368.73,1408340.18,12/28/2023,12/20/2023,3875626.72,6021085.21,12/21/2023
ONE P,4979511.03,9822923.99,12/04/2023,12/02/2023,1447196.59,4981760.39,12/02/2023
HASS UGANDA,5062233.51,185555.47,12/07/2023,12/22/2023,636727.78,3227458.81,12/21/2023
REGIDE-BURUNDI,4301584.53,1612704.83,12/01/2023,12/08/2023,7848920.65,767682.14,12/30/2023
HASS DRC CMA,599317.05,34639.69,12/03/2023,12/08/2023,6078496.5,126239.68,12/01/2023
HASS RWANDA CMA,8321174.84,5746633.28,12/03/2023,12/18/2023,9526844.96,2181230.97,12/06/2023
HASS UGANDA CMA,1379432.54,8265987.8,12/02/2023,12/21/2023,4120898.68,9699489.15,12/12/2023
HASS ZAMBIA CMA,8267176.57,8798986.26,12/26/2023,12/18/2023,5167590.2,8221001.9,12/09/2023
TANK,3424434.99,166865.34,12/12/2023,12/29/2023,9575993.48,5475220.17,12/08/2023
MEWD ZAMBIA,3429266.77,7719529.9,12/13/2023,12/04/2023,912585.98,7346676.18,12/02/2023
NOTIONAL OIL COMPANY OF MALAWI,6664467.02,2790563.49,12/26/2023,12/21/2023,682383.32,7770676.21,12/09/2023
HASS TZ,8039176.32,2732270.23,12/25/2023,12/16/2023,2816365.77,4637675.32,12/09/2023
NOTIONAL OIL COMPANY OF MALAWI,6749904.9,6406156.07,12/28/2023,12/27/2023,389632.78,9430432.45,12/30/2023
HASS DRC,5960958.08,1871474.91,12/15/2023,12/25/2023,2476371.02,122145.09,12/28/2023
HASS ZAMBIA CMA,9226729.75,6696324.7,12/05/2023,12/17/2023,1581087.27,3172273.09,12/23/2023
HASS DRC,2806902.92,9012895.46,12/16/2023,12/26/2023,918815.67,903885.13,12/01/2023
HASS ZAMBIA CMA,9372184.08,7054091.51,12/21/2023,12/15/2023,4570473.44,4132297.87,12/07/2023
HASS TZ,339784.74,3838815.24,12/09/2023,12/13/2023,7105275.83,2035729.47,12/26/2023
NURAH ENERGY DRC,4861224.99,8738550.42,12/09/2023,12/13/2023,2283581.24,7350839.69,12/14/2023
MEWD ZAMBIA,2454018.8,6854703.66,12/14/2023,12/02/2023,3980960.55,7257407.13,12/09/2023
HASS TZ,3320077.07,5134265.57,12/25/2023,12/26/2023,2972311.24,3385454.95,12/06/2023
HASS ZAMBIA CMA,9686816.21,1966632.09,12/06/2023,12/25/2023,9443835.97,9115589.14,12/24/2023
HASS RWANDA CMA,7311732.01,5458468.69,12/02/2023,12/26/2023,7048372.01,406372.53,12/25/2023
HASS DRC CMA,6032368.29,5728885.39,12/22/2023,12/08/2023,6789620.84,2203647.01,12/01/2023
NURAH ENERGY DRC,4095303.33,68366.11,12/22/2023,12/07/2023,499871.3,1553492.17,12/18/2023
HASS UGANDA,325376.22,2591251.69,12/21/2023,12/30/2023,4273043.87,9572504.94,12/12/2023
HASS TZ,9408414.08,3494804.89,12/16/2023,12/19/2023,3569437.19,6171699.64,12/21/2023
ONE P,682132.15,9655837.85,12/12/2023,12/20/2023,9814170.55,5586682.17,12/01/2023
HASS UGANDA CMA,7529548.87,8559064.71,12/07/2023,12/18/2023,2278769.63,7972537.51,12/25/2023
NOTIONAL OIL COMPANY OF MALAWI,5232601.75,2889604.03,12/22/2023,12/29/2023,2704665.06,1935224.6,12/21/2023
MEWD ZAMBIA,2243756.19,2231935.71,12/18/2023,12/26/2023,6833679.39,789880.56,12/11/2023
HASS RWANDA,4680598.83,4168819.83,12/01/2023,12/08/2023,7555064.58,2899004.36,12/02/2023
ONE P,6325291.18,2376948.47,12/07/2023,12/08/2023,4184172.7,2332800.14,12/10/2023
HASS RWANDA CMA,2717096.77,4525778.32,12/23/2023,12/21/2023,608676.32,6957948.91,12/07/2023
HASS UGANDA,6602729.76,7316616.74,12/21/2023,12/07/2023,2185220.56,6895224.42,12/04/2023
TANK,7055413.63,8396618.46,12/23/2023,12/28/2023,9798855.45,4227342.39,12/01/2023
HASS RWANDA,4123820.72,4135463.71,12/28/2023,12/19/2023,9633545.72,3545956.63,12/14/2023
HASS UGANDA,2004215.69,8102471.62,12/22/2023,12/20/2023,4707397.18,9688203.8,12/30/2023
HASS RWANDA,2209006.49,3749183.08,12/30/2023,12/26/2023,9804900.27,8817359.38,12/25/2023
HASS UGANDA,3688015.67,8055745.62,12/25/2023,12/01/2023,6526923.2,2600067.35,12/25/2023
HASS UGANDA,1028831.58,1418560.04,12/28/2023,12/16/2023,8052079.92,6709328.27,12/07/2023
HASS DRC,9176863.1,3576221.55,12/29/2023,12/25/2023,7568852.97,6286873.98,12/13/2023
HASS DRC CMA,9276405.38,4480887.01,12/06/2023,12/24/2023,1070447.32,670856.76,12/19/2023
HASS RWANDA,1199741.68,1523880.14,12/09/2023,12/12/2023,7550491.2,708998.37,12/14/2023
HASS TZ,9789173.2,2613918.42,12/27/2023,12/29/2023,9748974.32,6071067.1,12/25/2023
HASS TZ CMA,8508914.33,8008406.53,12/08/2023,12/17/2023,3143155.39,265291.11,12/02/2023
TANK,5654491.71,2425785.76,12/23/2023,12/12/2023,1587143.31,3135113.76,12/15/2023
MEWD ZAMBIA,5402640.61,441786.8,12/12/2023,12/18/2023,7295952.53,1583271.99,12/17/2023
NURAH ENERGY DRC,1060269.03,9724611.64,12/10/2023,12/23/2023,4456351.38,6563892.24,12/08/2023
NURAH ENERGY DRC,2286625.76,8374406.42,12/17/2023,12/05/2023,6890355.16,4286114.99,12/04/2023
HASS RWANDA,264732.25,3736776.3,12/09/2023,12/01/2023,3075549.2,1072849.04,12/07/2023
HASS ZAMBIA CMA,7151659.7,5026282.64,12/20/2023,12/03/2023,1195461.17,855625.22,12/07/2023
HASS DRC CMA,3681568.92,559136.73,12/22/2023,12/10/2023,7361788.32,9292890.81,12/16/2023
HASS TZ,353056.1,5514280.27,12/12/2023,12/24/2023,783656.5,2238685.39,12/02/2023
MEWD ZAMBIA,6385756.45,8352639.33,12/04/2023,12/18/2023,7523954.66,1586913.41,12/10/2023
NURAH ENERGY DRC,1101038.63,7987566.86,12/16/2023,12/22/2023,3748682.24,1556077.11,12/07/2023
HASS RWANDA,4378455.35,6770083.5,12/23/2023,12/27/2023,156440.95,4710671.82,12/18/2023
REGIDE-BURUNDI,8113414.43,5867048.83,12/15/2023,12/17/2023,8322164.56,1665993.1,12/27/2023
HASS TZ CMA,884536.08,174817.66,12/23/2023,12/20/2023,5586021.08,2565068.37,12/11/2023
MEWD ZAMBIA,3561600.38,6441326.86,12/17/2023,12/13/2023,7558864.79,9835062.87,12/05/2023
ONE P,2622190.96,4216823.34,12/03/2023,12/05/2023,4855220.78,1946213.2,12/12/2023
HASS UGANDA,9481121.79,6556158.25,12/08/2023,12/03/2023,488229.06,3639946.76,12/06/2023
NURAH ENERGY DRC,9728052.55,4755469.12,12/13/2023,12/06/2023,8409554.2,1785903.17,12/19/2023
HASS ZAMBIA CMA,5479448.54,9996296.86,12/27/2023,12/06/2023,4822554.6,8698744.15,12/16/2023
ONE P,3152265.61,7182652.23,12/08/2023,12/09/2023,8752751.56,6382904.37,12/19/2023
NOTIONAL OIL COMPANY OF MALAWI,5997820,6418219.61,12/28/2023,12/15/2023,6672973.11,773794.13,12/06/2023
HASS UGANDA,2238836.96,3395269.56,12/27/2023,12/29/2023,2743748.08,6263297.15,12/11/2023
MEWD ZAMBIA,9846755.97,5040664.88,12/08/2023,12/03/2023,1814335.91,6964.93,12/19/2023
NURAH ENERGY DRC,8420249.68,4847168.33,12/22/2023,12/27/2023,3047679.31,8547852.28,12/14/2023
HASS DRC CMA,1565944.17,7674982.66,12/12/2023,12/12/2023,6585309.58,5920515.32,12/06/2023
HASS TZ CMA,7199684,1100400.1,12/05/2023,12/21/2023,6014997.89,9900809.03,12/10/2023
NOTIONAL OIL COMPANY OF MALAWI,5464227.2,4070666.88,12/29/2023,12/28/2023,6468062.54,9710714.24,12/09/2023
HASS RWANDA CMA,3336516.84,1488440.96,12/04/2023,12/03/2023,5809787.17,924783.89,12/28/2023
NOTIONAL OIL COMPANY OF MALAWI,1045985.83,8030687.92,12/27/2023,12/23/2023,431086.16,2713680.01,12/15/2023
HASS DRC,3127619.55,8933629.6,12/29/2023,12/01/2023,2550530.55,8820828.87,12/10/2023
TANK,9774846.93,7750392.97,12/18/2023,12/02/2023,9403232.13,5546966.32,12/06/2023
TANK,4673747.31,6379087.53,12/24/2023,12/02/2023,5423192.09,6022828.31,12/23/2023
HASS UGANDA CMA,9354737.05,3742895.68,12/22/2023,12/19/2023,1202804.43,9044718.86,12/11/2023
TANK,6452601.09,7610454.94,12/23/2023,12/21/2023,7715348.46,3125530.27,12/27/2023
HASS RWANDA,8848773.07,4269319.58,12/05/2023,12/15/2023,5707055.1,2084496.94,12/04/2023
MEWD ZAMBIA,2900907,2170321.45,12/02/2023,12/18/2023,9559134.46,9443091.32,12/18/2023
HASS RWANDA CMA,5927166.95,7749538.22,12/25/2023,12/19/2023,9976994.03,4144855.21,12/07/2023
ONE P,1113427.66,9319856.54,12/18/2023,12/17/2023,5896756.13,9878699.05,12/09/2023
MEWD ZAMBIA,8347830.7,8791009.53,12/15/2023,12/08/2023,6614691.31,7992005.19,12/24/2023
HASS UGANDA CMA,926923.62,7374637.58,12/22/2023,12/12/2023,2027320.83,3510585.37,12/07/2023
HASS DRC,2789010.47,8252185.62,12/28/2023,12/05/2023,2241236.15,7054030.48,12/13/2023
NURAH ENERGY DRC,2301776.97,9359927.79,12/21/2023,12/13/2023,7138367.26,4593714.13,12/19/2023
ONE P,4704110.29,3746631.67,12/10/2023,12/12/2023,2858087.06,8932265.97,12/23/2023
HASS ZAMBIA CMA,3675566.89,1596552.57,12/16/2023,12/23/2023,6530153.53,8245478.43,12/07/2023
REGIDE-BURUNDI,7573423.88,1916685.05,12/28/2023,12/06/2023,7305472.3,4896044.4,12/15/2023
HASS UGANDA,5862541.45,9932783.64,12/11/2023,12/26/2023,9249333.28,564659.64,12/01/2023
HASS UGANDA,814060.89,324447.81,12/11/2023,12/05/2023,5123455.79,5260376.72,12/21/2023
HASS DRC CMA,7202945.47,3984734.58,12/07/2023,12/27/2023,767907.05,3637666.11,12/16/2023
HASS DRC CMA,5682312.96,814877.02,12/15/2023,12/20/2023,6218899.42,3106466.91,12/11/2023
REGIDE-BURUNDI,4994465.07,9841226.3,12/12/2023,12/07/2023,3182322.65,8689558.98,12/13/2023
HASS DRC CMA,2220031.65,5789734.21,12/25/2023,12/22/2023,6277714.29,4623907.02,12/08/2023
HASS ZAMBIA CMA,1390766.62,3464388.75,12/30/2023,12/30/2023,8399829.74,8268182.96,12/25/2023
HASS TZ,6607976.43,9442.95,12/27/2023,12/11/2023,3263782.32,4360339.11,12/23/2023
TANK,5350984.71,2271602.98,12/14/2023,12/23/2023,8358236.28,9073577.36,12/25/2023
HASS ZAMBIA CMA,6576593.96,7676642.49,12/28/2023,12/24/2023,1992204.04,6418152.74,12/01/2023
HASS DRC,4015565.76,2742094.92,12/23/2023,12/09/2023,6978425.42,9973800.5,12/30/2023
NOTIONAL OIL COMPANY OF MALAWI,7563734.69,8928096.7,12/27/2023,12/12/2023,7604048.02,9650910.63,12/23/2023
ONE P,5292440.43,6696911.98,12/18/2023,12/17/2023,1500715.01,4248110.12,12/30/2023
HASS TZ CMA,7360485.62,4690601.34,12/22/2023,12/05/2023,7015247.47,627290.67,12/26/2023
NURAH ENERGY DRC,2420837.73,5127928.37,12/10/2023,12/30/2023,2806083.59,6377277.49,12/12/2023
NOTIONAL OIL COMPANY OF MALAWI,8511642.67,3570270,12/24/2023,12/20/2023,7865075.69,4645814.6,12/15/2023
ONE P,9493068.33,8830262.79,12/24/2023,12/29/2023,836925.68,4587862.31,12/14/2023
TANK,2604493.71,1672474.13,12/07/2023,12/04/2023,9166934.97,6880884.47,12/11/2023
HASS TZ,9665562.57,6675438.2,12/25/2023,12/25/2023,2668184.83,8076219.79,12/25/2023
NOTIONAL OIL COMPANY OF MALAWI,1049565.29,2224192.16,12/06/2023,12/14/2023,291182.12,1494610.09,12/15/2023
HASS UGANDA,462035.79,4406781.31,12/03/2023,12/05/2023,674802.88,4595987.46,12/19/2023
HASS UGANDA,5524348.27,8067642,12/14/2023,12/20/2023,2981300.51,8321264.63,12/18/2023
HASS UGANDA CMA,1127439.04,7160489.16,12/13/2023,12/06/2023,3850361.18,7749795.04,12/15/2023
HASS ZAMBIA CMA,3935703.83,7222835.88,12/01/2023,12/27/2023,3964451.6,7469104.46,12/28/2023
HASS RWANDA,9077940.24,9103307.19,12/12/2023,12/01/2023,8043491.32,6225788.44,12/24/2023
MEWD ZAMBIA,1864563.35,5246997.32,12/28/2023,12/18/2023,7181558.4,6404106.58,12/07/2023
HASS ZAMBIA CMA,5991869.98,9662741.19,12/02/2023,12/03/2023,4327477.7,566750.92,12/02/2023
MEWD ZAMBIA,2155081.14,1615551.12,12/01/2023,12/02/2023,3421002.04,686410,12/17/2023
HASS DRC CMA,3136315.36,7580601.11,12/18/2023,12/07/2023,9383274.64,1290645.25,12/25/2023
NOTIONAL OIL COMPANY OF MALAWI,7301815.48,6054664.19,12/22/2023,12/19/2023,130579.71,2176276.6,12/25/2023
HASS DRC,634337.95,7240808.69,12/20/2023,12/14/2023,8806632.82,6783597.44,12/21/2023
HASS TZ CMA,2458652.62,941511.48,12/20/2023,12/15/2023,3078253.29,3667503.07,12/08/2023
HASS UGANDA,1822542.06,5316492.23,12/09/2023,12/05/2023,4165651.71,410007.31,12/16/2023
HASS UGANDA CMA,1560509.69,5609238.51,12/09/2023,12/04/2023,8662015.55,59670.26,12/07/2023
HASS ZAMBIA CMA,2011258.58,9428094.94,12/20/2023,12/13/2023,3123842.7,2126501.95,12/04/2023
HASS RWANDA CMA,8529055.78,4932703.55,12/10/2023,12/12/2023,5391703.49,5498166.57,12/02/2023
TANK,6259975.48,5657312.53,12/11/2023,12/18/2023,9904536.88,5115163.36,12/17/2023
NURAH ENERGY DRC,525822.9,5202411.56,12/04/2023,12/30/2023,1121969.72,6389177.96,12/22/2023
HASS DRC,1552339.58,3937818.01,12/17/2023,12/17/2023,3558761.03,4301812.41,12/02/2023
HASS UGANDA,4858685.02,9778853.37,12/08/2023,12/06/2023,8131736.45,2620423.16,12/07/2023
HASS ZAMBIA CMA,8788866.63,8578241.13,12/20/2023,12/06/2023,1013260.54,1997435.47,12/05/2023
REGIDE-BURUNDI,5902047.75,571797.83,12/27/2023,12/26/2023,8265850.18,6168968.15,12/18/2023
HASS ZAMBIA CMA,2804921.17,9247739.27,12/20/2023,12/13/2023,4256044.48,646962.52,12/17/2023
HASS DRC,3379267.64,3866966.97,12/20/2023,12/07/2023,2684112.51,2681051.08,12/19/2023
HASS DRC CMA,8805226.97,9675761,12/21/2023,12/06/2023,3381062.06,1515006.91,12/07/2023
REGIDE-BURUNDI,7360537.52,1199696.04,12/22/2023,12/15/2023,924741.79,239379.6,12/08/2023
HASS DRC CMA,7347744.7,5462110.3,12/20/2023,12/24/2023,2552661.33,6424120.28,12/03/2023
HASS TZ,6421477.82,9278540.8,12/09/2023,12/21/2023,4637982.24,3342236.82,12/30/2023
NOTIONAL OIL COMPANY OF MALAWI,4648870.38,2374713.23,12/02/2023,12/25/2023,4176475.69,6456225.19,12/21/2023
HASS ZAMBIA CMA,1045367.75,8089164.85,12/11/2023,12/23/2023,855469.64,9904046.64,12/29/2023
HASS RWANDA,1000313.05,7873193.18,12/26/2023,12/29/2023,949462.7,5278787.56,12/14/2023
HASS DRC,5800150.58,9593018.38,12/21/2023,12/14/2023,9434941.66,9797298.36,12/13/2023
HASS DRC,3050012.22,7880439.09,12/23/2023,12/14/2023,6631276.98,9873543.34,12/17/2023
HASS DRC CMA,9023197.41,9552569.4,12/03/2023,12/10/2023,1187156,2362430.54,12/10/2023
HASS UGANDA CMA,358236.91,2087042.03,12/05/2023,12/05/2023,3014796.06,8843183.44,12/16/2023
HASS ZAMBIA CMA,9757516.23,5319312.51,12/16/2023,12/30/2023,3820567.71,8058463.59,12/29/2023
HASS ZAMBIA CMA,8352441.02,8279212.27,12/06/2023,12/14/2023,2279283.62,3696468.96,12/19/2023
REGIDE-BURUNDI,8323563.53,4998888.06,12/28/2023,12/04/2023,2527755.85,2268497.31,12/22/2023
TANK,5736049.06,9421459.73,12/20/2023,12/28/2023,4589118.79,8326674.27,12/30/2023
NOTIONAL OIL COMPANY OF MALAWI,1333798.04,5080531.54,12/09/2023,12/24/2023,4750531.78,3413578.75,12/19/2023
HASS UGANDA CMA,6202958.94,3937927.43,12/21/2023,12/07/2023,2026451.57,150674.04,12/30/2023
HASS ZAMBIA CMA,7384106.24,2951793.69,12/27/2023,12/20/2023,3432500.6,3785921.99,12/11/2023
HASS TZ,8570296.1,5726993.37,12/17/2023,12/18/2023,2568988.28,8414112.26,12/03/2023
HASS TZ,232127.31,3500624.25,12/01/2023,12/05/2023,7242551.51,8486768.57,12/23/2023
HASS DRC,2027831.52,5777982.2,12/26/2023,12/08/2023,3530879.2,4018962.23,12/03/2023
TANK,2838749.52,7258412.75,12/03/2023,12/13/2023,1465824.02,9885508.59,12/25/2023
HASS DRC CMA,1395792.93,7271805.76,12/23/2023,12/20/2023,6610954.59,4181540.08,12/25/2023
TANK,7917626.78,213750.62,12/25/2023,12/04/2023,5077568.54,7808353.09,12/17/2023
HASS TZ,902385.55,6584215.85,12/22/2023,12/01/2023,4876278.1,659951.21,12/25/2023
NOTIONAL OIL COMPANY OF MALAWI,2957800.32,5577395.16,12/11/2023,12/15/2023,5350627.95,694322.72,12/30/2023
NOTIONAL OIL COMPANY OF MALAWI,9957387.59,6700417.9,12/07/2023,12/29/2023,2292767.7,7049627.05,12/30/2023
HASS TZ CMA,8054985.44,8937556.91,12/06/2023,12/23/2023,4821247.3,5161282.88,12/13/2023
ONE P,7770351.34,6971894.9,12/07/2023,12/17/2023,7413577.41,955390.76,12/22/2023
HASS UGANDA,2828837.1,4488921.78,12/15/2023,12/05/2023,9866931.04,4510328.09,12/07/2023
HASS RWANDA CMA,6432693.94,8760148.72,12/20/2023,12/28/2023,4476704.25,4773799.58,12/04/2023
HASS TZ CMA,2913874,3385072.74,12/09/2023,12/15/2023,1839065.77,2839441.24,12/12/2023
REGIDE-BURUNDI,4411301.25,383528.87,12/22/2023,12/28/2023,6271592.58,7549737.46,12/16/2023
TANK,8760959.46,7829204.7,12/25/2023,12/15/2023,9451083.13,5450202.64,12/25/2023
MEWD ZAMBIA,6104160.04,8522975.14,12/14/2023,12/17/2023,6601538.55,5727949.64,12/02/2023
TANK,9649843.6,8446926.38,12/08/2023,12/01/2023,3912233.17,6864956.43,12/05/2023
NOTIONAL OIL COMPANY OF MALAWI,950881.53,1271789.61,12/22/2023,12/15/2023,8351150.44,2467146.39,12/24/2023
TANK,6428710.4,7606534.61,12/27/2023,12/17/2023,142495.13,9917911.77,12/16/2023
MEWD ZAMBIA,3541540.91,3664268.04,12/12/2023,12/24/2023,6965792.82,9339785.74,12/16/2023
HASS UGANDA,7488053.78,9847685.18,12/24/2023,12/07/2023,9806657.28,6090014.61,12/25/2023
ONE P,4247659.04,6759696.21,12/05/2023,12/25/2023,2762704.1,3675030.93,12/01/2023
ONE P,5885311.11,568670.97,12/11/2023,12/28/2023,1077996.5,3265367.81,12/09/2023
REGIDE-BURUNDI,5333538.71,4628571.08,12/24/2023,12/30/2023,7960490.26,7994688.03,12/18/2023
HASS DRC CMA,4441093.52,197930.96,12/15/2023,12/22/2023,8200576.82,1728175.62,12/06/2023
ONE P,4326766.38,7781387.01,12/14/2023,12/27/2023,1329443.52,41045.79,12/04/2023
HASS DRC,1362265.5,1343970.43,12/06/2023,12/10/2023,6715644.15,3905204.1,12/06/2023
MEWD ZAMBIA,3928257.87,2013239.29,12/06/2023,12/10/2023,606936.37,6688824.3,12/05/2023
REGIDE-BURUNDI,1474113.87,3837131.06,12/25/2023,12/22/2023,7218080.45,1415876.45,12/12/2023
TANK,3551248.67,3019881.4,12/09/2023,12/28/2023,5529597.57,4677659.01,12/30/2023
REGIDE-BURUNDI,2579040.92,9738504.56,12/24/2023,12/29/2023,1271697.21,7836283.19,12/29/2023
HASS ZAMBIA CMA,6192476.85,684684.47,12/08/2023,12/18/2023,4769798.95,7972899.76,12/26/2023
HASS UGANDA,2159788.94,7080866.17,12/22/2023,12/07/2023,5286585.21,6692767.12,12/21/2023
HASS RWANDA CMA,8195632.55,2249695.37,12/05/2023,12/27/2023,7239003.24,5482582.63,12/01/2023
MEWD ZAMBIA,8422711.69,301687.67,12/10/2023,12/03/2023,3906889.46,6405015.02,12/23/2023
NOTIONAL OIL COMPANY OF MALAWI,9866520.39,9768373.02,12/01/2023,12/14/2023,6790384.43,7738754.97,12/16/2023
ONE P,6185888.1,8856231.25,12/13/2023,12/10/2023,8136265.67,7985813,12/21/2023
HASS UGANDA,7136254.38,9648194.83,12/15/2023,12/26/2023,3969965.09,6023684.22,12/12/2023
NURAH ENERGY DRC,4990411.12,8507518.2,12/26/2023,12/23/2023,3438615.6,5599716.52,12/20/2023
HASS RWANDA CMA,9940901.91,6159736.47,12/23/2023,12/11/2023,9898255.59,545062.05,12/08/2023
HASS DRC,7249849.2,9155057.25,12/24/2023,12/11/2023,9102005.07,6396347.68,12/19/2023
NURAH ENERGY DRC,5162834.06,742960.42,12/12/2023,12/21/2023,4802563.72,261268.04,12/15/2023
ONE P,3318774.28,1545507.07,12/15/2023,12/27/2023,3390809.84,9866500.1,12/02/2023
HASS TZ CMA,6895959.51,489594.42,12/30/2023,12/05/2023,8107564.19,1804803.69,12/21/2023
HASS ZAMBIA CMA,5293995.69,6478596.51,12/18/2023,12/21/2023,3826226.29,4492452.82,12/17/2023
HASS UGANDA,2961894.43,8033633.27,12/14/2023,12/02/2023,6135981.87,2442740.06,12/16/2023
HASS RWANDA CMA,9157365.76,3031457.09,12/30/2023,12/19/2023,8988002.72,8019489.28,12/26/2023
HASS DRC,9837972.86,8714258.01,12/10/2023,12/20/2023,9357857.52,9469535.28,12/11/2023
ONE P,4536997.43,786336.05,12/15/2023,12/08/2023,2275872.76,2324133.25,12/27/2023
HASS UGANDA,5086740.99,3038498.47,12/24/2023,12/24/2023,7804415.57,7266809.7,12/20/2023
HASS RWANDA CMA,3234234.99,3932014.07,12/25/2023,12/05/2023,1361202.86,3469822.79,12/25/2023
HASS ZAMBIA CMA,3773866.36,6676541.48,12/03/2023,12/13/2023,2071229.48,4767563.43,12/21/2023
HASS TZ CMA,9229028.43,8816304.21,12/24/2023,12/03/2023,2070213.68,5458525.48,12/07/2023
HASS DRC,9701414.45,8580116.97,12/06/2023,12/18/2023,8364640.92,9734592.64,12/04/2023
HASS UGANDA CMA,2571022.94,4857637.12,12/26/2023,12/27/2023,426352.67,2000445.69,12/13/2023
HASS UGANDA,4471139.25,8246278.86,12/22/2023,12/12/2023,6925742.68,6313658.57,12/26/2023
HASS TZ CMA,609204.88,4726092.48,12/15/2023,12/01/2023,1892557.04,8647975.27,12/18/2023
HASS DRC CMA,3356959.24,7255499.3,12/18/2023,12/03/2023,6690152.67,207575.26,12/06/2023
HASS ZAMBIA CMA,7504502.45,3596149.33,12/24/2023,12/03/2023,7546856.25,3595599.52,12/11/2023
HASS TZ,9492132.13,1449539.65,12/28/2023,12/17/2023,2488700.53,9221878.83,12/30/2023
HASS UGANDA,2888985.66,5615694.21,12/11/2023,12/23/2023,7561358.23,5005686.42,12/08/2023
HASS RWANDA CMA,4029414.49,2583399.02,12/28/2023,12/03/2023,8107281.8,1635823.36,12/16/2023
HASS TZ CMA,3189568.55,5519759.44,12/24/2023,12/11/2023,1614248.18,7961560.09,12/25/2023
HASS RWANDA CMA,7331603.26,5435602.24,12/28/2023,12/23/2023,1730538.2,6593005.6,12/24/2023
HASS DRC CMA,1132766.49,2024565.77,12/01/2023,12/02/2023,9791433.65,5806022.67,12/01/2023
HASS TZ CMA,6631784.21,9724448.14,12/17/2023,12/18/2023,215826.35,1618336.22,12/16/2023
REGIDE-BURUNDI,9088172.07,8715054.84,12/29/2023,12/02/2023,6881393.54,4703351.26,12/23/2023
HASS TZ,5024632.36,5254335.59,12/27/2023,12/03/2023,6826338.65,5676633.61,12/03/2023
TANK,625810.64,7535670.46,12/26/2023,12/09/2023,6126427.21,607479.6,12/01/2023
HASS DRC CMA,2530255.36,7589504.16,12/23/2023,12/02/2023,3731784.66,5363739.46,12/20/2023
HASS TZ,4020878.31,6238143.78,12/13/2023,12/07/2023,2282624.09,2547872.46,12/02/2023
HASS UGANDA CMA,433788.58,690404.65,12/10/2023,12/08/2023,8052600.68,6555302.26,12/21/2023
HASS RWANDA CMA,1198534.21,2578013.62,12/04/2023,12/07/2023,3481284.35,2199023.95,12/02/2023
NURAH ENERGY DRC,7942568.93,1027533.46,12/10/2023,12/16/2023,4028536.76,4556439.28,12/10/2023
HASS UGANDA CMA,4856941.34,5398505.15,12/28/2023,12/03/2023,792849.41,7899659.3,12/26/2023
MEWD ZAMBIA,9873114.88,6793369.47,12/13/2023,12/03/2023,6279818.05,7592850.33,12/21/2023
ONE P,6936017.79,6416972.68,12/08/2023,12/01/2023,8651109.71,5729055.54,12/12/2023
MEWD ZAMBIA,3623496.94,2881975.79,12/19/2023,12/01/2023,8941494.81,5632301.52,12/07/2023
HASS DRC CMA,926919.02,8813490.38,12/28/2023,12/06/2023,3926074.6,6178220.61,12/17/2023
HASS DRC,2952666.94,3131812.61,12/15/2023,12/27/2023,279394.45,907677.42,12/11/2023
HASS TZ CMA,7805118.55,6227793.24,12/20/2023,12/09/2023,2317974.8,3946720.24,12/19/2023
MEWD ZAMBIA,2189991.28,4118102.14,12/09/2023,12/29/2023,1191081.82,1117721.86,12/27/2023
HASS RWANDA CMA,4976021.53,4964585.13,12/14/2023,12/26/2023,9460550.89,9920999.71,12/06/2023
HASS UGANDA CMA,3909638.55,7349428.34,12/01/2023,12/26/2023,409030.93,5510264.89,12/13/2023
HASS TZ CMA,9189068.55,9028163.12,12/19/2023,12/18/2023,1023505.22,144092.1,12/29/2023
REGIDE-BURUNDI,5575819.84,3361031.42,12/21/2023,12/17/2023,4427381.14,2683978.73,12/04/2023
TANK,7970072.11,6436203.72,12/19/2023,12/29/2023,3965037.48,6942515.82,12/12/2023
HASS RWANDA,919374.33,8894105.84,12/21/2023,12/23/2023,33063.19,7126262.8,12/13/2023
HASS TZ CMA,9538729.95,9506113.36,12/13/2023,12/27/2023,8832708.79,4511411.5,12/19/2023
HASS DRC,5738826.11,1085865.24,12/09/2023,12/14/2023,8345820.18,8082055.62,12/02/2023
HASS UGANDA,500017.64,7241840.32,12/19/2023,12/02/2023,8587524.74,3664958.73,12/04/2023
HASS DRC,8580601.58,5661334.63,12/13/2023,12/28/2023,3985653.37,333783.57,12/06/2023
HASS ZAMBIA CMA,790128.76,7906439.71,12/07/2023,12/21/2023,9421033.86,7666025.68,12/24/2023
HASS DRC CMA,4706160.3,548019.75,12/20/2023,12/02/2023,6119504.03,1797020.69,12/01/2023
HASS DRC,2797617.59,6640940.8,12/21/2023,12/01/2023,6806160.9,7076506.39,12/07/2023
HASS DRC CMA,5017754.78,7686493.63,12/27/2023,12/04/2023,398218.53,1152445.05,12/29/2023
HASS ZAMBIA CMA,7955928.66,9473348.45,12/25/2023,12/20/2023,5280652.3,3309848.94,12/30/2023
REGIDE-BURUNDI,4103414.61,7686101.75,12/25/2023,12/03/2023,1678552.17,8599612.74,12/15/2023
REGIDE-BURUNDI,1150386.38,7974767.73,12/20/2023,12/19/2023,6112119.64,8468603.33,12/23/2023
HASS RWANDA CMA,2617844.24,8598514.21,12/23/2023,12/13/2023,6950921.3,8203934.74,12/12/2023
HASS TZ CMA,6647164.87,8575534.03,12/05/2023,12/03/2023,2935279.57,5931477.38,12/10/2023
MEWD ZAMBIA,5301738.55,6701536.08,12/23/2023,12/19/2023,4489224.75,6476580.99,12/19/2023
HASS UGANDA CMA,6343568.25,4451547.55,12/07/2023,12/01/2023,155462.57,722088.24,12/09/2023
HASS DRC,5745823.25,1308517.52,12/05/2023,12/29/2023,2929386.07,9904587.12,12/17/2023
REGIDE-BURUNDI,9933648.78,2933001.38,12/19/2023,12/08/2023,9781508.16,6303002.47,12/17/2023
HASS DRC CMA,4185381.19,2167231.17,12/12/2023,12/14/2023,2271131.41,3934671.02,12/17/2023
HASS TZ CMA,7223998.44,3534552.11,12/20/2023,12/08/2023,9971450.81,1361363.66,12/20/2023
HASS RWANDA CMA,7737775.79,6170047.99,12/02/2023,12/09/2023,653239.6,7971287.54,12/11/2023
HASS TZ CMA,7237336.18,1252913.43,12/22/2023,12/12/2023,6605002.99,2464042.7,12/20/2023
HASS TZ CMA,550906.48,1835048.34,12/01/2023,12/16/2023,144255.96,2194178.03,12/21/2023
REGIDE-BURUNDI,8584286.59,4298059.52,12/05/2023,12/06/2023,6117427.86,8760664.75,12/08/2023
TANK,1763603.28,7252154.56,12/22/2023,12/11/2023,8357647.89,5938940.75,12/09/2023
NURAH ENERGY DRC,221665.47,7184970.49,12/06/2023,12/05/2023,4329128.8,1337359.76,12/28/2023
HASS RWANDA,5488558.83,894288.2,12/12/2023,12/10/2023,8729741.9,7560281.97,12/07/2023
MEWD ZAMBIA,6878870.58,6150352.81,12/16/2023,12/20/2023,1312122.83,9569711.82,12/23/2023
NOTIONAL OIL COMPANY OF MALAWI,7947315.77,9517940.15,12/15/2023,12/17/2023,351866.47,3782129.75,12/11/2023
HASS RWANDA CMA,9058148.62,7359608.31,12/20/2023,12/04/2023,1983244.89,3837536.27,12/25/2023
HASS RWANDA CMA,2018459.82,6220105.44,12/10/2023,12/25/2023,2242227.7,1505709.16,12/01/2023
NURAH ENERGY DRC,4770442.8,2033403.21,12/02/2023,12/25/2023,3109697.7,5997113.56,12/09/2023
HASS UGANDA CMA,8511952.32,5116848.95,12/03/2023,12/13/2023,9201122.89,2076396.31,12/03/2023
NURAH ENERGY DRC,8575317.35,2374094.46,12/04/2023,12/23/2023,5310428.9,5385500.78,12/19/2023
HASS UGANDA,8893214.86,6119761.46,12/02/2023,12/03/2023,5094622.61,3987422.65,12/04/2023
HASS TZ CMA,1165116.55,6269747.02,12/09/2023,12/01/2023,9923963.68,9858080.09,12/18/2023
HASS UGANDA,6562688.4,7243648.93,12/18/2023,12/30/2023,2132711.82,205417.05,12/29/2023
HASS UGANDA CMA,4621014.2,8447286.84,12/27/2023,12/04/2023,4976686.97,8271519.34,12/25/2023
NURAH ENERGY DRC,8506431.9,6282823.08,12/25/2023,12/22/2023,2265388.25,4958302.5,12/04/2023
REGIDE-BURUNDI,3748714.44,2277605.26,12/17/2023,12/30/2023,9731510.64,5833074.39,12/22/2023
HASS UGANDA,5879941.11,9559481.98,12/21/2023,12/11/2023,4520776.46,5439067.35,12/06/2023
HASS TZ,2826906.43,9451153.9,12/17/2023,12/20/2023,9534457.83,1755946.31,12/07/2023
NURAH ENERGY DRC,6618464.49,9873625.52,12/23/2023,12/22/2023,4188057.23,518118.41,12/14/2023
HASS DRC,3186799.73,9907912.66,12/06/2023,12/09/2023,4569834.31,988421.4,12/30/2023
TANK,7878799.8,6749366.18,12/23/2023,12/28/2023,1993586.04,3634138.99,12/18/2023
HASS RWANDA CMA,4543530.61,2620144.08,12/11/2023,12/17/2023,1666344.69,9179221.03,12/11/2023
NOTIONAL OIL COMPANY OF MALAWI,3703152.63,9917658.23,12/05/2023,12/16/2023,7600806.23,832391.2,12/05/2023
NURAH ENERGY DRC,1481257.15,6038293.19,12/18/2023,12/27/2023,3707145.94,3446931.81,12/17/2023
HASS TZ CMA,2289219.01,3675984.84,12/24/2023,12/01/2023,1406239.08,2460379.01,12/06/2023
HASS UGANDA CMA,3106739.61,3587324.49,12/19/2023,12/13/2023,608018.84,4285115.16,12/16/2023
HASS UGANDA,7403718.46,5512921.65,12/30/2023,12/14/2023,9351158.31,2416884.17,12/29/2023
HASS RWANDA CMA,5368637.83,5997158,12/20/2023,12/28/2023,7962500.23,8068571.81,12/24/2023
NOTIONAL OIL COMPANY OF MALAWI,5052993.1,7055581.62,12/03/2023,12/27/2023,4482596.57,4589641.41,12/11/2023
HASS RWANDA CMA,3667397.15,1018202.37,12/07/2023,12/12/2023,3307255.92,7642388.79,12/06/2023
HASS UGANDA,2992478.72,2643994.03,12/11/2023,12/19/2023,5064677.84,6759476.18,12/09/2023
ONE P,9442460.73,8499409.14,12/27/2023,12/24/2023,4001491.59,7299486.2,12/19/2023
MEWD ZAMBIA,8543866.3,2459911.82,12/10/2023,12/24/2023,1221983.41,3652126.22,12/27/2023
NOTIONAL OIL COMPANY OF MALAWI,7265805.57,9931712.77,12/05/2023,12/22/2023,3938476.99,7167130.08,12/19/2023
TANK,6469256.4,5513880.8,12/10/2023,12/25/2023,8082149.81,9834732.53,12/08/2023
HASS RWANDA,1275666.02,3605551.37,12/08/2023,12/21/2023,2571686.15,9488914.25,12/30/2023
ONE P,1406382.87,6234874.04,12/22/2023,12/26/2023,6382065.82,8543255.95,12/12/2023
HASS ZAMBIA CMA,4133986.45,1992759.07,12/03/2023,12/11/2023,9811302.49,7740961.72,12/20/2023
NOTIONAL OIL COMPANY OF MALAWI,7669442.18,5167040.3,12/01/2023,12/04/2023,1934388.32,1182807.22,12/28/2023
HASS UGANDA,5375737.41,1548404.98,12/14/2023,12/15/2023,3924379.95,7089962.27,12/24/2023
NURAH ENERGY DRC,3744341.47,3362826.38,12/05/2023,12/05/2023,5626563.12,2501673.84,12/20/2023
HASS DRC CMA,6220115.77,6198999.86,12/10/2023,12/25/2023,4781240.23,2699047.81,12/15/2023
NOTIONAL OIL COMPANY OF MALAWI,5976757.42,8475570,12/16/2023,12/14/2023,9835742.3,1205218.13,12/23/2023
HASS RWANDA,5084868.61,8417627.61,12/30/2023,12/23/2023,6825720.65,3236134.33,12/10/2023
HASS TZ,4489693.65,6080762.56,12/29/2023,12/05/2023,7701829.33,4796899.33,12/15/2023
NURAH ENERGY DRC,2837816.74,1441426.61,12/11/2023,12/17/2023,3208480.7,4962571.28,12/19/2023
HASS UGANDA,8260246.37,4874296.02,12/03/2023,12/18/2023,3559770.42,36956.07,12/25/2023
TANK,6528272.38,2630318.37,12/18/2023,12/09/2023,5811563.57,3877360.7,12/24/2023
HASS ZAMBIA CMA,3522159.81,7805740.5,12/13/2023,12/22/2023,1859184.29,3402.22,12/05/2023
NURAH ENERGY DRC,7611753.82,502128.08,12/10/2023,12/12/2023,6321606.72,3604873.82,12/06/2023
HASS RWANDA,339987.71,9747908.98,12/18/2023,12/26/2023,5067779,6037029.6,12/25/2023
MEWD ZAMBIA,3434933.13,778728.45,12/01/2023,12/13/2023,2929365.23,8296327.91,12/25/2023
HASS DRC,5435446.39,1765086.84,12/29/2023,12/26/2023,4324212.37,2058882.5,12/18/2023
HASS TZ CMA,7041394.57,7755316.52,12/12/2023,12/09/2023,864177.72,5336282.17,12/08/2023
NURAH ENERGY DRC,9503431.19,4948868.82,12/28/2023,12/24/2023,5781784.94,5746899.95,12/26/2023
HASS RWANDA CMA,6579179.11,6230846.64,12/16/2023,12/04/2023,3784051.18,4602514.95,12/24/2023
HASS ZAMBIA CMA,6350396,9868359.6,12/08/2023,12/22/2023,9859448.97,1106437.22,12/22/2023
NOTIONAL OIL COMPANY OF MALAWI,6071421.05,7829967.29,12/09/2023,12/25/2023,8043332.01,4214800.31,12/06/2023
HASS DRC,302442.25,3304419.16,12/30/2023,12/28/2023,2130241.32,5095387.97,12/02/2023
REGIDE-BURUNDI,3393389.19,3157079.93,12/25/2023,12/29/2023,5613736.97,6611332.99,12/05/2023
HASS DRC,4481311.15,4064452.03,12/19/2023,12/21/2023,1129334.7,7069943.74,12/05/2023
HASS RWANDA,9959406.97,5907447.26,12/21/2023,12/06/2023,4624206.59,2844041.5,12/23/2023
HASS RWANDA,3467766.52,2351010.1,12/23/2023,12/22/2023,3139141.53,4644240.97,12/30/2023
HASS RWANDA CMA,8970288.55,8967974.75,12/30/2023,12/27/2023,665658.44,1155021.95,12/13/2023
HASS TZ CMA,44241.96,7625601.31,12/29/2023,12/12/2023,5657379.7,2428606.26,12/29/2023
MEWD ZAMBIA,4130487.32,4760261.05,12/05/2023,12/07/2023,1671430.41,563284.66,12/01/2023
NURAH ENERGY DRC,3676473.45,1639205.58,12/16/2023,12/07/2023,548471.49,9938199.72,12/03/2023
HASS RWANDA,4091782.57,1793600.95,12/30/2023,12/11/2023,5506895.03,6460303.83,12/16/2023
HASS UGANDA,7004604.57,879850.71,12/11/2023,12/22/2023,846841.96,7374709.13,12/01/2023
ONE P,5014782.51,3067385.58,12/23/2023,12/20/2023,8145640.28,4137416.17,12/16/2023
HASS DRC,4321106.36,8711778.63,12/29/2023,12/08/2023,396405.37,471205.43,12/27/2023
REGIDE-BURUNDI,9244058.56,2231686.16,12/23/2023,12/28/2023,7310686.82,4738758.34,12/18/2023
HASS UGANDA,6329275.61,2859611.53,12/21/2023,12/07/2023,5034582.23,7050610.67,12/23/2023
ONE P,9247834.13,8199571.9,12/12/2023,12/12/2023,3225562.45,1737724.36,12/23/2023
HASS UGANDA,1591793.45,8585750.51,12/29/2023,12/09/2023,4320019.94,3712268.11,12/19/2023
NURAH ENERGY DRC,4458016.73,7845580.6,12/26/2023,12/29/2023,1008448.28,6380750.12,12/04/2023
NOTIONAL OIL COMPANY OF MALAWI,2454527.32,8962574.74,12/14/2023,12/01/2023,4599599.07,1695827.1,12/27/2023
NOTIONAL OIL COMPANY OF MALAWI,7542518.52,1781086.7,12/21/2023,12/08/2023,3534020.29,3699232.19,12/27/2023
HASS UGANDA,4672152.78,5037618.31,12/10/2023,12/19/2023,2965399.84,2174298.88,12/08/2023
TANK,7540063.66,8376538.7,12/06/2023,12/24/2023,8026993.19,8918747.77,12/17/2023
HASS DRC CMA,2446629.78,959372.78,12/22/2023,12/19/2023,6664294.5,1183999.2,12/03/2023
HASS DRC,48584.65,1050790.42,12/06/2023,12/17/2023,324629.69,232224.76,12/30/2023
HASS TZ CMA,6587911.97,8433841.73,12/01/2023,12/14/2023,6008292.93,5245754.25,12/23/2023
HASS UGANDA,9112387.24,3467034.84,12/18/2023,12/03/2023,1622024.95,8977952.62,12/27/2023
NURAH ENERGY DRC,5050678.44,4923460.7,12/28/2023,12/03/2023,2039145.64,3077659.47,12/28/2023
HASS UGANDA,9117487.91,8175913.31,12/02/2023,12/05/2023,2051348.43,8119910.35,12/06/2023
HASS TZ CMA,8253666.45,6019231.63,12/14/2023,12/07/2023,2061908.21,7874117.83,12/24/2023
HASS UGANDA CMA,1585459.54,8725412.46,12/23/2023,12/14/2023,664112.44,6966148.2,12/26/2023
HASS UGANDA,7281543.72,2828169.22,12/23/2023,12/09/2023,1762698.39,4542104.24,12/25/2023
HASS RWANDA,4834421.42,6889941.05,12/30/2023,12/01/2023,7396826.98,3742895.01,12/20/2023
ONE P,3393355.06,7380839.15,12/27/2023,12/29/2023,3052780.55,9118469.71,12/07/2023
MEWD ZAMBIA,4280873.55,563420.1,12/24/2023,12/18/2023,4335883.55,2151343.73,12/06/2023
NURAH ENERGY DRC,5011295.79,597050.22,12/01/2023,12/03/2023,2222481.65,2393537.33,12/06/2023
HASS DRC,5252260.88,8574839.79,12/21/2023,12/24/2023,682273.14,9985438.47,12/22/2023
HASS RWANDA CMA,4919314.82,8170432.84,12/06/2023,12/02/2023,5651846.04,9025383.93,12/08/2023
HASS RWANDA,6539844.6,8227832.85,12/05/2023,12/16/2023,9282187.48,2462332.69,12/28/2023
REGIDE-BURUNDI,7190373.7,1063841.95,12/01/2023,12/11/2023,6943287.92,8551182.5,12/24/2023
HASS DRC,3729647.69,1418142.24,12/24/2023,12/04/2023,2648381.65,266854.72,12/18/2023
ONE P,1333116.89,4040701.99,12/04/2023,12/02/2023,2210292.4,3929515.31,12/01/2023
HASS TZ CMA,2470451.16,4300561.95,12/04/2023,12/28/2023,8751041.38,705579.41,12/13/2023
ONE P,7537469.89,4753237.08,12/15/2023,12/28/2023,9311557.74,676682.22,12/13/2023
HASS ZAMBIA CMA,7791280.35,4696244.28,12/10/2023,12/05/2023,4832083.33,5632127.53,12/23/2023
HASS ZAMBIA CMA,8847767.06,171936.26,12/20/2023,12/08/2023,4477048.66,8826162.98,12/06/2023
HASS DRC CMA,6165020.02,7252738.3,12/14/2023,12/25/2023,1679699.56,6814889.22,12/02/2023
ONE P,740163.6,2969924.65,12/30/2023,12/27/2023,4157476.98,7591647.82,12/07/2023
NURAH ENERGY DRC,7174089.25,9809334.38,12/08/2023,12/26/2023,9647995.59,9953314.95,12/14/2023
HASS TZ CMA,3471397.66,6883821.09,12/28/2023,12/04/2023,4956115.17,4330039.77,12/09/2023
HASS DRC CMA,5486089.72,8489331.23,12/20/2023,12/20/2023,4445938.92,7551466.16,12/24/2023
HASS UGANDA CMA,9237664.35,8002166.72,12/27/2023,12/19/2023,8247787.74,5691647.15,12/03/2023
HASS TZ CMA,6886201.01,8661674.46,12/21/2023,12/29/2023,3801837.96,9962843.1,12/15/2023
HASS RWANDA CMA,2852757.88,9141864.88,12/22/2023,12/03/2023,2459745.78,9680371.18,12/28/2023
HASS RWANDA,458711.3,7824697.66,12/27/2023,12/06/2023,9179136.52,6988716.96,12/05/2023
NURAH ENERGY DRC,6564404.43,4856988.48,12/24/2023,12/10/2023,2504911.09,2083362.95,12/08/2023
MEWD ZAMBIA,8070965.8,2527295.34,12/23/2023,12/30/2023,2945764.64,3443554.89,12/23/2023
HASS ZAMBIA CMA,2561141.32,5991301.48,12/13/2023,12/17/2023,495724.26,3634762.13,12/13/2023
MEWD ZAMBIA,6053033.32,8978531.25,12/17/2023,12/20/2023,8025928.84,1170144.81,12/10/2023
HASS TZ,7425007.22,3071855,12/05/2023,12/06/2023,6900948.82,8623985.98,12/03/2023
TANK,2504738.74,9063297.42,12/28/2023,12/14/2023,8302718.38,3305377.77,12/17/2023
HASS DRC,9902429.32,2456401.5,12/30/2023,12/30/2023,6257706.87,9747901.19,12/01/2023
HASS DRC CMA,4219059.19,9070630.04,12/23/2023,12/24/2023,2769446.68,4406439.22,12/28/2023
MEWD ZAMBIA,8921073.74,9654806.37,12/29/2023,12/10/2023,59361.04,5923783.29,12/15/2023
HASS ZAMBIA CMA,3379184.68,5086431.49,12/16/2023,12/30/2023,2689241.87,3674728.01,12/12/2023
NURAH ENERGY DRC,9006133.79,4823337.55,12/08/2023,12/13/2023,5919653.34,4946006.62,12/28/2023
HASS DRC,2274859.71,3175413.23,12/20/2023,12/25/2023,4239077.41,3215404.99,12/29/2023
HASS UGANDA,3671179.86,1713898.39,12/10/2023,12/22/2023,6964960.14,5529249.7,12/24/2023
TANK,3564459.89,526060.7,12/27/2023,12/11/2023,9829970.83,482595.1,12/13/2023
HASS TZ,5110969.63,7531281.62,12/14/2023,12/27/2023,4014852.65,8853404.17,12/16/2023
NOTIONAL OIL COMPANY OF MALAWI,4010280.1,6370872.8,12/15/2023,12/12/2023,1374044.53,8891678.22,12/09/2023
HASS RWANDA CMA,3540289.13,566214.69,12/23/2023,12/09/2023,8690959.34,7487666.1,12/27/2023
HASS RWANDA,2930517.23,3542707.94,12/27/2023,12/16/2023,2787493.82,250287.26,12/01/2023
NURAH ENERGY DRC,9621708.81,7761916.05,12/01/2023,12/16/2023,4635258.48,2653609.33,12/05/2023
HASS TZ CMA,2591372.81,8988229.14,12/04/2023,12/14/2023,2021177.13,6406130.25,12/11/2023
HASS TZ CMA,7813560.69,4859379.05,12/17/2023,12/21/2023,5983813.34,8804418.57,12/26/2023
MEWD ZAMBIA,1055525.2,5376123.03,12/08/2023,12/02/2023,9815758.85,7765744.27,12/28/2023
HASS DRC CMA,9573987.43,4453799.28,12/05/2023,12/07/2023,4509789.11,2506050.84,12/05/2023
HASS DRC,3759626.87,3228682.7,12/30/2023,12/23/2023,2481706.56,8725703.16,12/02/2023
NURAH ENERGY DRC,4273636.93,7957697.74,12/07/2023,12/28/2023,3936883.61,8323561.89,12/04/2023
HASS RWANDA,1243883.93,2319251.39,12/04/2023,12/06/2023,7765104.46,252972.84,12/10/2023
HASS TZ CMA,8752371.61,3717337.66,12/19/2023,12/01/2023,1821179.74,6787000.7,12/27/2023
HASS ZAMBIA CMA,812755.25,791015.11,12/02/2023,12/12/2023,2316327.3,5038531.26,12/12/2023
HASS UGANDA,8015945.55,1623298.8,12/22/2023,12/29/2023,1093514.15,1721309.46,12/26/2023
REGIDE-BURUNDI,1570664.41,4281244.4,12/21/2023,12/10/2023,2078742.55,2336004.46,12/28/2023
TANK,1740946.55,5637409.35,12/04/2023,12/29/2023,8710944.68,7541572.58,12/22/2023
MEWD ZAMBIA,2589458.65,6217768.89,12/01/2023,12/27/2023,1100024.28,1347088.42,12/20/2023
NURAH ENERGY DRC,3830563.96,944356.65,12/15/2023,12/06/2023,5977750.56,9515337.76,12/14/2023
HASS TZ,1488549.71,3663524.34,12/12/2023,12/11/2023,1315405.4,5220200.43,12/27/2023
HASS UGANDA CMA,4361050.04,8603634.47,12/16/2023,12/29/2023,9960045.56,5157594,12/10/2023
HASS DRC,9736529.63,9966061.04,12/30/2023,12/25/2023,9982172.89,487352.67,12/04/2023
HASS TZ CMA,4595067.92,5625687.07,12/05/2023,12/27/2023,6612766.37,8569538.93,12/16/2023
HASS RWANDA,8232665.26,3390046.63,12/12/2023,12/04/2023,8160431.13,5891393.1,12/12/2023
HASS DRC CMA,2224073.81,9296070.77,12/25/2023,12/22/2023,3934025.07,8158551.82,12/28/2023
HASS UGANDA CMA,5085741.96,5529322.92,12/18/2023,12/17/2023,5324690.17,3094648.27,12/11/2023
MEWD ZAMBIA,8171488.07,2087999.97,12/09/2023,12/28/2023,5119468.85,490477.82,12/19/2023
NURAH ENERGY DRC,7754173.13,534874.38,12/05/2023,12/01/2023,4588258.34,6287302.1,12/19/2023
ONE P,3619317.58,5689314.58,12/27/2023,12/11/2023,2282864.14,477255.04,12/27/2023
HASS TZ CMA,7914171.89,3343020.59,12/07/2023,12/13/2023,2295559.23,9272299.46,12/22/2023
HASS RWANDA,616883.27,8396466.51,12/24/2023,12/15/2023,2956739.96,2422904.3,12/16/2023
HASS UGANDA,1028939.31,6738296.53,12/30/2023,12/13/2023,2047639.91,1628443.52,12/16/2023
HASS RWANDA,5603940.18,908273.56,12/15/2023,12/20/2023,6653575.09,2603964.08,12/25/2023
HASS RWANDA CMA,7058463.54,1207559.6,12/14/2023,12/10/2023,8892350.18,2264951.33,12/16/2023
NURAH ENERGY DRC,6265149.17,1250874.54,12/27/2023,12/01/2023,2961829.74,6951358.11,12/18/2023
TANK,6760969.69,9807393.54,12/28/2023,12/10/2023,2937260.38,2596781.63,12/11/2023
TANK,372719.63,6841187,12/27/2023,12/27/2023,8031136.09,5449898.22,12/19/2023
HASS RWANDA,582817.42,1509017.85,12/28/2023,12/03/2023,7024545.71,2096663.55,12/13/2023
HASS UGANDA,2676212.91,2337943.25,12/22/2023,12/13/2023,1065077.58,3153052.62,12/01/2023
NOTIONAL OIL COMPANY OF MALAWI,1806013.9,1894815.88,12/17/2023,12/23/2023,4491565.95,7140676.9,12/08/2023
MEWD ZAMBIA,3595243.01,3112334.77,12/25/2023,12/18/2023,8728119.07,4827896.89,12/18/2023
REGIDE-BURUNDI,6691926.5,2910847.34,12/08/2023,12/12/2023,6449375.45,175303.12,12/09/2023
TANK,7317260.23,8713080.08,12/12/2023,12/01/2023,5774442.31,1082192.62,12/12/2023
HASS RWANDA CMA,3078654.76,5028231.52,12/22/2023,12/04/2023,9373306.75,5281959.72,12/11/2023
HASS TZ CMA,5551308.52,7620871.74,12/10/2023,12/22/2023,9691616.66,6773029.82,12/25/2023
HASS TZ CMA,8263192.27,561996.01,12/28/2023,12/24/2023,3913931.77,7860770.88,12/14/2023
TANK,7499716.86,9902531.28,12/19/2023,12/13/2023,9176006.65,124900.36,12/05/2023
HASS DRC CMA,6684170.35,3662239.52,12/30/2023,12/29/2023,81630.71,1899832.98,12/17/2023
HASS ZAMBIA CMA,189465.13,3156190.97,12/09/2023,12/27/2023,614622.6,9169993.68,12/24/2023
HASS TZ,5115347.66,5922830.99,12/20/2023,12/18/2023,1116240.82,3567908.11,12/11/2023
MEWD ZAMBIA,7630371.45,9934557.36,12/19/2023,12/21/2023,2208891.22,8607523.78,12/26/2023
HASS TZ,1267983.19,139010.67,12/11/2023,12/05/2023,3736433.73,8086122.97,12/21/2023
HASS UGANDA,4176151.9,4056059.37,12/29/2023,12/03/2023,8817480.13,5673507.97,12/20/2023
ONE P,4977064.61,2121583.75,12/15/2023,12/04/2023,7375731.91,3165864.51,12/29/2023
HASS RWANDA CMA,3627213.88,5849439.2,12/17/2023,12/17/2023,8951886.99,7301405.53,12/22/2023
HASS RWANDA CMA,2728973.95,7444465.83,12/11/2023,12/24/2023,8534542.24,1703384.64,12/08/2023
HASS ZAMBIA CMA,6459223.1,2805796.57,12/01/2023,12/23/2023,3275469.19,4384160.25,12/17/2023
NURAH ENERGY DRC,3876517.38,3074762.24,12/17/2023,12/19/2023,5097084.47,760004.12,12/04/2023
ONE P,6109475.5,6752787.18,12/03/2023,12/13/2023,811874.47,5308724.76,12/20/2023
REGIDE-BURUNDI,9380966.98,8483670.32,12/03/2023,12/21/2023,1799550.74,9366340.98,12/06/2023
HASS DRC,8134621.89,2946095.25,12/09/2023,12/22/2023,3935867.78,6520504.3,12/19/2023
HASS TZ,6086281.72,8588133.88,12/27/2023,12/10/2023,2183721.74,5416171.99,12/03/2023
HASS UGANDA,3529817.05,9839713.91,12/20/2023,12/14/2023,438619.28,826274.21,12/03/2023
HASS UGANDA,5324408.13,2314579.21,12/01/2023,12/14/2023,601582.36,3922338.04,12/12/2023
HASS TZ CMA,9080753.57,5645381.79,12/18/2023,12/17/2023,7607178.88,9077716.33,12/10/2023
MEWD ZAMBIA,8890711.3,5743994.25,12/09/2023,12/21/2023,5521109.05,5809063.55,12/30/2023
HASS DRC,3271297.74,1338122.87,12/04/2023,12/08/2023,1336754.61,7120925.53,12/09/2023
HASS UGANDA CMA,4261778.62,9624797.52,12/10/2023,12/20/2023,7081449.24,1691121.97,12/15/2023
HASS DRC CMA,8560409.25,5255668.34,12/04/2023,12/03/2023,2740323.19,4370330.33,12/02/2023
HASS TZ,8607328.25,4164122.85,12/11/2023,12/12/2023,6932725.51,6981589.98,12/25/2023
HASS UGANDA CMA,5557750.44,3147321.09,12/04/2023,12/03/2023,516902.16,4581031.01,12/08/2023
NOTIONAL OIL COMPANY OF MALAWI,1054334.27,1845976.26,12/24/2023,12/07/2023,3593199.98,9309449.64,12/24/2023
REGIDE-BURUNDI,3845821.66,2871924.71,12/02/2023,12/09/2023,1900491.27,6116625.81,12/28/2023
HASS UGANDA,5219556.08,2760852.48,12/26/2023,12/11/2023,1769756.25,8825536.54,12/19/2023
HASS TZ CMA,2370019.21,8581512.26,12/08/2023,12/18/2023,5177221.1,8781808.02,12/09/2023
HASS TZ CMA,8571978.3,6788983.18,12/16/2023,12/05/2023,442164.83,3258927.17,12/11/2023
NURAH ENERGY DRC,3384266.71,3782302.89,12/26/2023,12/15/2023,5572158.24,6593289.04,12/15/2023
NURAH ENERGY DRC,1215997.02,1603460.4,12/06/2023,12/15/2023,5326185.01,4522120.99,12/16/2023
ONE P,4831568.92,3151660.27,12/19/2023,12/05/2023,9528742.03,2949312.98,12/15/2023
HASS DRC,2162614.5,4566640.78,12/26/2023,12/26/2023,9947803.78,6592677.03,12/06/2023
HASS TZ CMA,9457607.72,9998406.39,12/25/2023,12/13/2023,7371808.88,1464341.49,12/05/2023
REGIDE-BURUNDI,8293097.33,4551026.17,12/24/2023,12/26/2023,8774017.41,4713695.66,12/24/2023
HASS UGANDA CMA,7334288.77,3660043.2,12/07/2023,12/30/2023,9990632.56,3980974.89,12/22/2023
NURAH ENERGY DRC,3925246.6,7049025.74,12/14/2023,12/22/2023,4478152.07,2240425.6,12/07/2023
NURAH ENERGY DRC,3419347.22,4552421.42,12/30/2023,12/13/2023,5211073.64,9344960.61,12/03/2023
HASS DRC,6994297.37,6234268.98,12/19/2023,12/27/2023,1394749.56,2719174.68,12/17/2023
NOTIONAL OIL COMPANY OF MALAWI,4351200.84,5313178.75,12/20/2023,12/06/2023,2464822.78,7033548.7,12/21/2023
HASS RWANDA CMA,4065331.72,9490783.68,12/18/2023,12/04/2023,628624.85,4584909.2,12/06/2023
HASS DRC,9599803.27,4554912.15,12/11/2023,12/25/2023,6441974.64,1555039.52,12/18/2023
MEWD ZAMBIA,9937071.17,3391726.07,12/08/2023,12/11/2023,900291.12,4369857.27,12/08/2023
NURAH ENERGY DRC,3764155.78,9901652.81,12/28/2023,12/16/2023,2800281.84,7243996.18,12/28/2023
HASS RWANDA CMA,9082712.99,5386828.79,12/14/2023,12/09/2023,5159219.24,3687570.06,12/14/2023
NURAH ENERGY DRC,89689.19,3125416.59,12/01/2023,12/03/2023,8453595.78,8781668.81,12/05/2023
NOTIONAL OIL COMPANY OF MALAWI,4724642.59,191377.28,12/13/2023,12/04/2023,3369685.5,7701315.57,12/29/2023
NURAH ENERGY DRC,5309069.05,8284220.29,12/20/2023,12/29/2023,1250860.62,8647723.74,12/29/2023
MEWD ZAMBIA,9313111.14,6113391.71,12/14/2023,12/01/2023,4170032.1,8118589.46,12/17/2023
NOTIONAL OIL COMPANY OF MALAWI,2074475.79,8338272.72,12/18/2023,12/24/2023,7807859.48,1281831.17,12/23/2023
HASS UGANDA,1622740.94,2259819.42,12/08/2023,12/25/2023,6966482.16,2168032.94,12/06/2023
HASS DRC CMA,4613578.24,9754354.37,12/19/2023,12/18/2023,3823446.24,9013320.7,12/09/2023
HASS TZ CMA,9796748.06,4983122.81,12/01/2023,12/25/2023,8997171.96,7221392.3,12/07/2023
HASS RWANDA CMA,1379037.36,7968536.98,12/26/2023,12/29/2023,5113001.78,1983833.36,12/13/2023
HASS DRC CMA,7767604.09,7013135.87,12/14/2023,12/20/2023,8047685.12,3123546.27,12/24/2023
HASS TZ,4704903.49,6086961.55,12/18/2023,12/15/2023,4653566.59,1690981.02,12/27/2023
HASS TZ CMA,2024996.49,2217974.44,12/21/2023,12/29/2023,1865685.57,9007811.3,12/10/2023
HASS TZ CMA,5945035.48,6948765.02,12/29/2023,12/12/2023,507822.59,7093144.4,12/10/2023
NOTIONAL OIL COMPANY OF MALAWI,8635733.5,1886008.49,12/13/2023,12/26/2023,7341023.96,4887522.52,12/18/2023
HASS TZ,9603522.73,3768595.03,12/12/2023,12/21/2023,9225224.36,1407975.69,12/26/2023
HASS RWANDA CMA,9957898.26,3244112.31,12/08/2023,12/09/2023,3818604.95,8961382.99,12/15/2023
HASS UGANDA,1396216.66,6996592.08,12/19/2023,12/23/2023,6032760.87,743380.54,12/26/2023
HASS ZAMBIA CMA,912891.3,8488032.64,12/13/2023,12/17/2023,3229798.04,8437420.87,12/27/2023
HASS ZAMBIA CMA,2057851.86,5361655.87,12/15/2023,12/02/2023,4175168.85,3899728.43,12/23/2023
HASS UGANDA,3008302.06,9071410.54,12/23/2023,12/07/2023,9250492.65,7945777.88,12/16/2023
HASS ZAMBIA CMA,2889916.62,4956811.59,12/21/2023,12/03/2023,9901259.11,6296582.64,12/03/2023
HASS DRC CMA,5685637.47,6686429.3,12/05/2023,12/11/2023,4863885.65,5095819.23,12/29/2023
HASS TZ,5832937.1,6307482.15,12/13/2023,12/01/2023,4624504.64,5327760.57,12/04/2023
HASS DRC CMA,2844965.54,3913075.01,12/05/2023,12/09/2023,3393029.05,2534064.59,12/10/2023
HASS UGANDA CMA,8678228.46,1461544.39,12/04/2023,12/10/2023,8911440.18,3218458.7,12/15/2023
HASS RWANDA CMA,3613173.72,4197765.42,12/30/2023,12/21/2023,7269537.56,880868.38,12/22/2023
REGIDE-BURUNDI,6718135.92,9567375.46,12/19/2023,12/02/2023,2198384.18,3920481.59,12/18/2023
HASS DRC,5830880.17,8500187.04,12/03/2023,12/05/2023,4081179.81,8450903.29,12/14/2023
HASS UGANDA,1775074.16,6486939.56,12/12/2023,12/09/2023,8303654.37,4206961.89,12/19/2023
NOTIONAL OIL COMPANY OF MALAWI,7055495.4,1198124.81,12/12/2023,12/07/2023,5641512.46,9751505.76,12/03/2023
HASS DRC,7141718.62,8916377.13,12/04/2023,12/30/2023,1339282.96,939493.17,12/01/2023
HASS ZAMBIA CMA,6271679.99,6763967.8,12/28/2023,12/15/2023,3056542.27,3859393.92,12/20/2023
REGIDE-BURUNDI,8950791.08,6531870.75,12/08/2023,12/06/2023,774715.24,1470587.13,12/06/2023
HASS UGANDA CMA,7200160.65,2816626.22,12/14/2023,12/10/2023,1226075.34,4458913.44,12/30/2023
HASS ZAMBIA CMA,6134365.31,4172749.65,12/29/2023,12/05/2023,8124443.6,5775398.73,12/05/2023
ONE P,4601855.42,5860959.45,12/18/2023,12/16/2023,5237420.4,2249176.23,12/16/2023
HASS DRC,6264270.08,6604492.94,12/06/2023,12/16/2023,2236165.36,3696824.76,12/12/2023
HASS ZAMBIA CMA,1332171.27,5700779.43,12/13/2023,12/24/2023,7031375.07,843552.04,12/29/2023
HASS ZAMBIA CMA,5017603.74,2216051.75,12/10/2023,12/13/2023,6990710.63,5628260.78,12/03/2023
NOTIONAL OIL COMPANY OF MALAWI,5320175.86,8559243.93,12/01/2023,12/07/2023,3959164.02,2348289.42,12/06/2023
HASS UGANDA,391443.15,1581490.8,12/15/2023,12/27/2023,1896300.64,1940155.32,12/10/2023
HASS TZ CMA,9373391.91,9226620.76,12/16/2023,12/24/2023,6024188.54,9369362.92,12/20/2023
REGIDE-BURUNDI,6238437.74,3510234.48,12/08/2023,12/25/2023,775255.84,2282956.77,12/22/2023
ONE P,7516846.47,8535982.93,12/09/2023,12/28/2023,9711805.66,2855055.61,12/22/2023
TANK,1880825.31,290726.39,12/11/2023,12/17/2023,1564092.41,7591520.59,12/25/2023
HASS UGANDA CMA,4655747.36,5300568.63,12/24/2023,12/25/2023,1440899.91,4158980.46,12/21/2023
HASS ZAMBIA CMA,7033335.09,164908.99,12/11/2023,12/07/2023,1729043.4,6764679.91,12/07/2023
REGIDE-BURUNDI,3967430.08,7947896.21,12/22/2023,12/02/2023,98650.93,3332791.47,12/24/2023
HASS TZ CMA,3181488.23,6746161.11,12/02/2023,12/13/2023,3985433.87,2122961.33,12/10/2023
HASS RWANDA CMA,1356704.52,9978076.27,12/15/2023,12/18/2023,601571.92,7936751.94,12/07/2023
HASS RWANDA CMA,3551019.63,9921248.87,12/13/2023,12/28/2023,8563021.16,6463699.8,12/29/2023
NOTIONAL OIL COMPANY OF MALAWI,8814813.18,3568716.09,12/28/2023,12/11/2023,4594460.7,4511869.62,12/01/2023
HASS DRC,8193055.85,9456691.65,12/23/2023,12/21/2023,8429410.22,1472786.92,12/20/2023
NURAH ENERGY DRC,1610209.57,2365000.06,12/22/2023,12/22/2023,3263080.59,5145299.65,12/04/2023
NURAH ENERGY DRC,6154078.11,7381110.47,12/06/2023,12/03/2023,1144705.7,6356492.29,12/22/2023
HASS UGANDA CMA,4193115.21,4321548.88,12/19/2023,12/24/2023,2130781.75,9980179.43,12/06/2023
HASS UGANDA CMA,4359003.79,7439118.14,12/15/2023,12/08/2023,1221491.1,2322567.04,12/12/2023
ONE P,9226884.47,9360653.16,12/11/2023,12/15/2023,4639594.38,6137633.74,12/01/2023
HASS UGANDA CMA,6339364.88,6088820.96,12/30/2023,12/04/2023,2917386.5,9966834.89,12/06/2023
NOTIONAL OIL COMPANY OF MALAWI,6664883.26,1943004.27,12/07/2023,12/25/2023,687240.8,1971793.18,12/01/2023
HASS TZ CMA,596772.72,6054712.59,12/26/2023,12/13/2023,1068156.41,8403331.33,12/28/2023
HASS RWANDA CMA,3447896.93,7570368.91,12/27/2023,12/30/2023,4222426.7,4931835.57,12/05/2023
TANK,51502.91,838569.21,12/03/2023,12/17/2023,5564917.91,2359828.7,12/29/2023
HASS DRC CMA,9120424.85,9081866.76,12/16/2023,12/01/2023,3920058.41,2866660.9,12/26/2023
HASS UGANDA,7253966.64,6298397.72,12/16/2023,12/15/2023,8788493.47,7555352.83,12/26/2023
HASS TZ CMA,8083723.67,2142482.63,12/27/2023,12/28/2023,6135741.51,3370193.99,12/09/2023
HASS RWANDA,1415042.39,2166234.57,12/30/2023,12/23/2023,5675206.08,1153277.16,12/22/2023
ONE P,7746736.58,6295697.8,12/25/2023,12/26/2023,1730600.87,697324.39,12/07/2023
HASS RWANDA,8407297.27,5421153.6,12/06/2023,12/28/2023,5463728.85,5793432.08,12/08/2023
HASS TZ,9642283.96,1916842.66,12/05/2023,12/26/2023,5246718.73,4764461.46,12/22/2023
HASS DRC CMA,1957770.32,4861752.39,12/26/2023,12/01/2023,1253224.3,4899612.97,12/04/2023
HASS TZ CMA,1874751.28,6829714.66,12/01/2023,12/15/2023,6186515.21,7949266.99,12/07/2023
NOTIONAL OIL COMPANY OF MALAWI,7029404.75,6914435.02,12/17/2023,12/04/2023,5085497.32,3147866.33,12/24/2023
HASS RWANDA CMA,546797.18,4290041.86,12/28/2023,12/24/2023,123165.73,7821799.62,12/05/2023
HASS RWANDA CMA,2903971.66,8503251.09,12/09/2023,12/04/2023,225413.24,8558924.97,12/07/2023
ONE P,1076243.62,6277218.09,12/26/2023,12/22/2023,3790706.23,4137697.09,12/19/2023
HASS DRC,3110345.89,8788908.16,12/10/2023,12/28/2023,8666823.71,9891222.76,12/07/2023
ONE P,8513644.03,9252993.57,12/19/2023,12/11/2023,4009766.05,1452623.21,12/20/2023
HASS UGANDA,3427315.77,1622898.24,12/30/2023,12/17/2023,9485070.73,4096827.24,12/14/2023
NURAH ENERGY DRC,1431442.79,4893420.03,12/10/2023,12/03/2023,9264745.28,4816568.4,12/27/2023
HASS RWANDA CMA,7158351.92,7646473.6,12/13/2023,12/19/2023,4560323.81,1759711.71,12/21/2023
TANK,605.14,4487533.99,12/03/2023,12/10/2023,5574990.57,5932898.01,12/23/2023
MEWD ZAMBIA,9209887.45,9905506.6,12/16/2023,12/01/2023,9696112.56,331156.99,12/13/2023
ONE P,1018769.29,5588905.37,12/03/2023,12/16/2023,7114550.99,8102237.95,12/18/2023
HASS ZAMBIA CMA,8315858.36,2810761.33,12/17/2023,12/28/2023,6751204.1,4631971.07,12/25/2023
REGIDE-BURUNDI,4892879.15,532826.33,12/07/2023,12/10/2023,7778175.44,7718063.94,12/30/2023
MEWD ZAMBIA,578913.63,8929765,12/26/2023,12/03/2023,752916.03,8154067.72,12/14/2023
HASS UGANDA,437823.44,1893544.47,12/17/2023,12/26/2023,588250.68,7662471.87,12/03/2023
HASS UGANDA CMA,4877693.57,1369481.58,12/26/2023,12/25/2023,6802215.27,8290855.81,12/17/2023
HASS ZAMBIA CMA,9121403.83,2143411.66,12/30/2023,12/20/2023,2681274.71,4898899.45,12/06/2023
ONE P,6244646.31,1335145.48,12/10/2023,12/03/2023,4610805.2,773032.95,12/09/2023
HASS RWANDA,776257.02,1608046.03,12/26/2023,12/11/2023,319505.64,4955212.54,12/23/2023
NOTIONAL OIL COMPANY OF MALAWI,1204880.26,1310326.51,12/28/2023,12/16/2023,3257137.36,3370471.59,12/29/2023
HASS RWANDA CMA,9657543.2,9530536.27,12/09/2023,12/20/2023,519382.51,3881198.37,12/14/2023
MEWD ZAMBIA,103573.52,8484236.71,12/04/2023,12/20/2023,7569291.25,2694045.48,12/26/2023
ONE P,5195102.21,7316361.24,12/06/2023,12/06/2023,1211612.47,6596674.33,12/07/2023
MEWD ZAMBIA,8967099.97,4335055.43,12/19/2023,12/24/2023,4295192.92,9338487.54,12/08/2023
NURAH ENERGY DRC,5094224.07,4919296.48,12/15/2023,12/29/2023,9688760.1,2658238.46,12/07/2023
MEWD ZAMBIA,5354265.56,109186.05,12/07/2023,12/13/2023,6553028.36,9770486.97,12/12/2023
HASS TZ CMA,8368633.09,1108643.64,12/18/2023,12/06/2023,1601499.18,1052139.17,12/12/2023
HASS TZ CMA,8874597.87,191394.5,12/09/2023,12/13/2023,7471854.49,6190589.74,12/14/2023
MEWD ZAMBIA,4763270.53,8684910.72,12/07/2023,12/18/2023,9210843.71,5866889.88,12/07/2023
TANK,5057320.85,3367357.98,12/05/2023,12/07/2023,8547132.59,8779015.08,12/16/2023
HASS UGANDA,2549441.74,4040671.63,12/12/2023,12/12/2023,1584806.21,977603.36,12/15/2023
NURAH ENERGY DRC,518647.35,1187561.76,12/19/2023,12/06/2023,1055076.97,6564233.62,12/23/2023
NOTIONAL OIL COMPANY OF MALAWI,558882.23,4244843,12/15/2023,12/09/2023,952519.75,9525542.05,12/23/2023
HASS RWANDA,6222271.91,9692158.92,12/13/2023,12/02/2023,8421500.18,2625362.33,12/28/2023
HASS TZ CMA,4254898.36,8001085.55,12/12/2023,12/12/2023,9610875.74,886981.82,12/05/2023
HASS UGANDA CMA,8604717.57,4818536.04,12/19/2023,12/08/2023,8648145.33,172549.43,12/20/2023
HASS UGANDA,7310265.72,9118512.23,12/04/2023,12/15/2023,7347432.54,6877767.55,12/09/2023
HASS UGANDA CMA,9770320.83,3302685.49,12/28/2023,12/20/2023,8113569.37,5954187.51,12/14/2023
HASS DRC,2662615.89,602076.16,12/26/2023,12/19/2023,938455.57,9178002.48,12/10/2023
HASS ZAMBIA CMA,2957257.43,8956468.97,12/03/2023,12/17/2023,4138872.99,20417.82,12/27/2023
HASS RWANDA CMA,5453893.84,1648809.66,12/17/2023,12/15/2023,9155413.46,1033542.48,12/24/2023
TANK,1277172.63,436240,12/21/2023,12/13/2023,2103393.69,4587739.35,12/24/2023
HASS DRC,3009395.33,3872216.96,12/13/2023,12/03/2023,1795475.47,8093770.2,12/29/2023
HASS ZAMBIA CMA,3782114.55,6822150.26,12/18/2023,12/09/2023,2455940.42,1272975.66,12/14/2023
HASS DRC,4512405.1,5045898.57,12/27/2023,12/08/2023,3174435.21,7129908.31,12/20/2023
HASS DRC CMA,4392830.77,4859555.65,12/10/2023,12/03/2023,1623248.22,2841058.57,12/13/2023
NOTIONAL OIL COMPANY OF MALAWI,2809083.32,2965059.15,12/16/2023,12/05/2023,4615451.1,7356361.07,12/03/2023
ONE P,7939265.37,7018212.45,12/29/2023,12/19/2023,7628865.54,6590855.83,12/09/2023
NOTIONAL OIL COMPANY OF MALAWI,4092589.68,1005495.09,12/12/2023,12/04/2023,2329182.84,8181459.14,12/27/2023
HASS TZ,4699348.35,5044102.13,12/20/2023,12/19/2023,477967.43,5241591.08,12/01/2023
NOTIONAL OIL COMPANY OF MALAWI,13109.4,2920891.63,12/25/2023,12/04/2023,6416495.57,6384022.12,12/03/2023
TANK,1852076.65,5484548.45,12/16/2023,12/02/2023,7758502.29,8606356.18,12/23/2023
HASS ZAMBIA CMA,5234886.82,8234820.05,12/29/2023,12/05/2023,1772275.23,2651350.15,12/17/2023
MEWD ZAMBIA,375848.55,7988939.64,12/18/2023,12/19/2023,5188147.64,4678018.46,12/12/2023
MEWD ZAMBIA,5940321.24,2103152.81,12/26/2023,12/23/2023,3320559.53,4649187.13,12/06/2023
TANK,3738598.1,2287415.3,12/29/2023,12/27/2023,5646071.28,3677277.59,12/05/2023
HASS ZAMBIA CMA,5081092.95,867259.43,12/05/2023,12/18/2023,1075814.14,1295237.72,12/16/2023
REGIDE-BURUNDI,4005548.09,8417221.5,12/24/2023,12/29/2023,2003026.72,7670316.02,12/19/2023
HASS RWANDA,7041997.81,9643152.75,12/13/2023,12/18/2023,9264628.88,1122404.2,12/05/2023
HASS RWANDA CMA,9317409.48,5433859.82,12/29/2023,12/22/2023,8528446.65,8975002.22,12/16/2023
HASS UGANDA CMA,4193652.92,2479252.56,12/14/2023,12/04/2023,9667033.44,7477572.78,12/12/2023
HASS DRC,215478.05,4315485.35,12/17/2023,12/23/2023,994296.85,5587954.11,12/15/2023
HASS TZ CMA,8510514.83,1777257.03,12/11/2023,12/25/2023,4499114.53,1931755.76,12/17/2023
HASS RWANDA,9776451.56,4870176.84,12/21/2023,12/27/2023,5109956.09,6194806.75,12/09/2023
TANK,5123455.25,1131039.45,12/04/2023,12/11/2023,8259203.55,346066.09,12/19/2023
HASS TZ,7369986.33,6492972.13,12/04/2023,12/10/2023,9435625.13,5510845.72,12/08/2023
HASS UGANDA,8548883.22,2829764.79,12/11/2023,12/30/2023,136995.68,9606986.47,12/14/2023
TANK,7325947.6,256283.99,12/27/2023,12/03/2023,7401952.63,849276.51,12/25/2023
HASS TZ,7414287.44,8921618.58,12/07/2023,12/17/2023,1664093.22,6567846.81,12/25/2023
NOTIONAL OIL COMPANY OF MALAWI,2006942.98,4913037.73,12/11/2023,12/06/2023,6759032.6,424705.18,12/29/2023
ONE P,1307433.58,9910112.84,12/06/2023,12/03/2023,5887266.7,8372945.9,12/13/2023
HASS RWANDA CMA,6475480.06,90541.72,12/30/2023,12/16/2023,2038581.89,2847021.88,12/24/2023
HASS DRC,8863769.18,441888.96,12/29/2023,12/26/2023,1688787.88,3106701.91,12/13/2023
MEWD ZAMBIA,1976372.63,160968.17,12/02/2023,12/23/2023,2008623.64,8899463.89,12/01/2023
ONE P,116298.36,7017413.77,12/12/2023,12/17/2023,7131687.58,7024091.52,12/10/2023
HASS TZ,5598683.01,1053892.79,12/29/2023,12/15/2023,3962354.38,1778173.08,12/20/2023
MEWD ZAMBIA,5174474.67,2176845.1,12/03/2023,12/29/2023,7075496.99,8879310.34,12/13/2023
NOTIONAL OIL COMPANY OF MALAWI,6682413.07,7264748.13,12/29/2023,12/08/2023,8778746.03,8704717.04,12/17/2023
HASS UGANDA,4676887,3406348.76,12/22/2023,12/15/2023,8444610.72,3385670.17,12/04/2023
HASS RWANDA,6034787.95,9337469.32,12/02/2023,12/01/2023,2303267.69,7258875.37,12/28/2023
MEWD ZAMBIA,7801895.13,8453501.42,12/13/2023,12/14/2023,6801223.82,9340423.48,12/16/2023
HASS ZAMBIA CMA,5027103.24,6902896.18,12/15/2023,12/12/2023,1559787.98,6013787.09,12/03/2023
REGIDE-BURUNDI,1061165.32,3868577.16,12/04/2023,12/05/2023,8474360.11,1182284.83,12/30/2023
HASS TZ,1540537.27,7117941.78,12/02/2023,12/03/2023,9658615.43,1115652.73,12/17/2023
HASS TZ,371853.31,8837424.36,12/11/2023,12/03/2023,2355093.69,6205886.84,12/18/2023
NURAH ENERGY DRC,1107346.53,6029631.24,12/03/2023,12/01/2023,8129100.41,9431087.41,12/07/2023
HASS RWANDA CMA,1142443.83,5344632.65,12/26/2023,12/16/2023,1741734.17,8877714.53,12/07/2023
HASS RWANDA CMA,9665713.03,8779905.74,12/25/2023,12/06/2023,5694505.21,159716.39,12/18/2023
HASS TZ CMA,3331655.01,196875.3,12/15/2023,12/03/2023,579766.96,5981375.49,12/07/2023
NOTIONAL OIL COMPANY OF MALAWI,5730627.73,599259.16,12/29/2023,12/17/2023,4880372.38,9439465.22,12/21/2023
HASS RWANDA CMA,2318955.92,5875654.89,12/14/2023,12/29/2023,1138197.85,7857148.41,12/26/2023
ONE P,4357471.51,4848889.13,12/11/2023,12/12/2023,3808045.82,8369669.39,12/27/2023
NOTIONAL OIL COMPANY OF MALAWI,7228090.6,7331484.75,12/12/2023,12/16/2023,613431.3,8284854.65,12/02/2023
HASS DRC CMA,3101030.02,9955333.88,12/09/2023,12/01/2023,5624954.73,8421653.29,12/18/2023
HASS UGANDA,6000419.07,422369.86,12/11/2023,12/09/2023,3105527.38,5242086.13,12/26/2023
ONE P,6320388.26,3459525.34,12/25/2023,12/27/2023,8227007.15,5967806.93,12/17/2023
HASS UGANDA CMA,3487895.71,9702328.19,12/30/2023,12/21/2023,6077809.93,666835.57,12/06/2023
HASS UGANDA CMA,4730945.85,8052503.14,12/29/2023,12/02/2023,3621995.9,363500.33,12/07/2023
HASS RWANDA,3335208.04,398368.13,12/05/2023,12/02/2023,7699461.5,7088334.91,12/21/2023
MEWD ZAMBIA,5870470.82,4551187.89,12/10/2023,12/04/2023,8383692.73,405618.12,12/18/2023
HASS UGANDA,5416862.34,9015229.96,12/19/2023,12/27/2023,310220.91,1650745.69,12/29/2023
NURAH ENERGY DRC,554834.63,8601669.31,12/30/2023,12/30/2023,6789618.47,1252247.54,12/23/2023
HASS TZ CMA,9268997.12,8923258.21,12/10/2023,12/08/2023,5089946.44,8852701.41,12/24/2023
NURAH ENERGY DRC,9794380.94,9626338.02,12/25/2023,12/06/2023,4728293.34,5630751.41,12/24/2023
NOTIONAL OIL COMPANY OF MALAWI,9514457.89,3966214.64,12/27/2023,12/17/2023,3983919.76,1698651.1,12/09/2023
HASS DRC,3423733.42,3632152.78,12/20/2023,12/18/2023,6118417.62,2121993.57,12/10/2023
TANK,1671039.81,7097548.6,12/15/2023,12/22/2023,7513354.84,1459209.54,12/18/2023
REGIDE-BURUNDI,4241310.76,1084646.64,12/23/2023,12/22/2023,2876088.83,7940154.28,12/06/2023
HASS ZAMBIA CMA,7297120.27,5462374.94,12/28/2023,12/26/2023,4128823.72,8353173,12/21/2023
HASS TZ CMA,3912727.46,9070882.71,12/01/2023,12/02/2023,3906957.72,247585.74,12/04/2023
NOTIONAL OIL COMPANY OF MALAWI,2871024.74,1909425.29,12/17/2023,12/05/2023,8305789.78,5074112.95,12/02/2023
HASS DRC CMA,9627521.46,7412470.05,12/21/2023,12/13/2023,250400.28,2629763.09,12/03/2023
HASS UGANDA,6795430.79,3413821.67,12/14/2023,12/24/2023,6845911.16,6963657.3,12/16/2023
HASS DRC,8026332.48,5477298.26,12/01/2023,12/19/2023,7475889.04,293448.91,12/19/2023
HASS DRC,7140359.85,2406847.49,12/26/2023,12/09/2023,6689300.01,1493338.85,12/04/2023
HASS DRC,5706773.63,2639170.53,12/07/2023,12/19/2023,5131875.4,7130470.83,12/22/2023
